FIPS,State,County,Value
0,US,United States,69021
1000,AL,Alabama,54943
1001,AL,Autauga,62660
1003,AL,Baldwin,64346
1005,AL,Barbour,36422
1007,AL,Bibb,54277
1009,AL,Blount,52830
1011,AL,Bullock,29063
1013,AL,Butler,45236
1015,AL,Calhoun,50977
1017,AL,Chambers,47232
1019,AL,Cherokee,43475
1021,AL,Chilton,56243
1023,AL,Choctaw,38581
1025,AL,Clarke,44108
1027,AL,Clay,45163
1029,AL,Cleburne,48333
1031,AL,Coffee,59034
1033,AL,Colbert,52017
1035,AL,Conecuh,37986
1037,AL,Coosa,50013
1039,AL,Covington,46186
1041,AL,Crenshaw,43103
1043,AL,Cullman,52690
1045,AL,Dale,50052
1047,AL,Dallas,34957
1049,AL,DeKalb,44037
1051,AL,Elmore,67597
1053,AL,Escambia,38464
1055,AL,Etowah,46984
1057,AL,Fayette,43960
1059,AL,Franklin,43633
1061,AL,Geneva,43581
1063,AL,Greene,28826
1065,AL,Hale,32294
1067,AL,Henry,55870
1069,AL,Houston,50222
1071,AL,Jackson,43785
1073,AL,Jefferson,58330
1075,AL,Lamar,43324
1077,AL,Lauderdale,50000
1079,AL,Lawrence,51712
1081,AL,Lee,57191
1083,AL,Limestone,70736
1085,AL,Lowndes,31961
1087,AL,Macon,39303
1089,AL,Madison,71153
1091,AL,Marengo,35379
1093,AL,Marion,44551
1095,AL,Marshall,52938
1097,AL,Mobile,51169
1099,AL,Monroe,32631
1101,AL,Montgomery,52511
1103,AL,Morgan,56128
1105,AL,Perry,27057
1107,AL,Pickens,43389
1109,AL,Pike,40106
1111,AL,Randolph,47081
1113,AL,Russell,44065
1115,AL,St. Clair,65070
1117,AL,Shelby,82592
1119,AL,Sumter,27099
1121,AL,Talladega,45400
1123,AL,Tallapoosa,50652
1125,AL,Tuscaloosa,57508
1127,AL,Walker,47442
1129,AL,Washington,44512
1131,AL,Wilcox,36385
1133,AL,Winston,46096
2000,AK,Alaska,80287
2013,AK,Aleutians East,72258
2016,AK,Aleutians West,90708
2020,AK,Anchorage,88871
2050,AK,Bethel,57460
2060,AK,Bristol Bay,81563
2063,AK, Chugach,87868
2066,AK,Copper River,67439
2068,AK,Denali,78750
2070,AK,Dillingham,62115
2090,AK,Fairbanks North Star,78321
2100,AK,Haines,63355
2105,AK,Hoonah-Angoon,55990
2110,AK,Juneau ,90126
2122,AK,Kenai Peninsula,70609
2130,AK,Ketchikan Gateway,77820
2150,AK,Kodiak Island,83765
2158,AK,Kusilvak,37975
2164,AK,Lake and Peninsula,49688
2170,AK,Matanuska-Susitna,79300
2180,AK,Nome,63977
2185,AK,North Slope,83992
2188,AK,Northwest Arctic,68654
2195,AK,Petersburg,71696
2198,AK,Prince of Wales-Hyder,55857
2220,AK,Sitka ,82083
2230,AK,Skagway,75000
2240,AK,Southeast Fairbanks,68634
2275,AK,Wrangell ,54891
2282,AK,Yakutat ,72083
2290,AK,Yukon-Koyukuk,43405
4000,AZ,Arizona,65913
4001,AZ,Apache,34788
4003,AZ,Cochise,55077
4005,AZ,Coconino,61888
4007,AZ,Gila,51406
4009,AZ,Graham,57105
4011,AZ,Greenlee,67723
4012,AZ,La Paz,39732
4013,AZ,Maricopa,72944
4015,AZ,Mohave,49738
4017,AZ,Navajo,46126
4019,AZ,Pima,59215
4021,AZ,Pinal,65488
4023,AZ,Santa Cruz,45089
4025,AZ,Yavapai,56170
4027,AZ,Yuma,52563
5000,AR,Arkansas,52123
5001,AR,Arkansas,55022
5003,AR,Ashley,42683
5005,AR,Baxter,43530
5007,AR,Benton,76887
5009,AR,Boone,48625
5011,AR,Bradley,41972
5013,AR,Calhoun,55904
5015,AR,Carroll,53366
5017,AR,Chicot,33770
5019,AR,Clark,45351
5021,AR,Clay,39817
5023,AR,Cleburne,48400
5025,AR,Cleveland,48183
5027,AR,Columbia,41115
5029,AR,Conway,45812
5031,AR,Craighead,51788
5033,AR,Crawford,52057
5035,AR,Crittenden,46452
5037,AR,Cross,45247
5039,AR,Dallas,34337
5041,AR,Desha,33295
5043,AR,Drew,42891
5045,AR,Faulkner,54845
5047,AR,Franklin,42128
5049,AR,Fulton,36950
5051,AR,Garland,49985
5053,AR,Grant,62479
5055,AR,Greene,51367
5057,AR,Hempstead,43592
5059,AR,Hot Spring,46724
5061,AR,Howard,39558
5063,AR,Independence,50028
5065,AR,Izard,45318
5067,AR,Jackson,39154
5069,AR,Jefferson,43720
5071,AR,Johnson,40628
5073,AR,Lafayette,36083
5075,AR,Lawrence,40746
5077,AR,Lee,29082
5079,AR,Lincoln,49474
5081,AR,Little River,57614
5083,AR,Logan,46570
5085,AR,Lonoke,62561
5087,AR,Madison,47862
5089,AR,Marion,41038
5091,AR,Miller,46610
5093,AR,Mississippi,45740
5095,AR,Monroe,41667
5097,AR,Montgomery,41032
5099,AR,Nevada,42670
5101,AR,Newton,42817
5103,AR,Ouachita,43338
5105,AR,Perry,47500
5107,AR,Phillips,32235
5109,AR,Pike,46672
5111,AR,Poinsett,42854
5113,AR,Polk,43444
5115,AR,Pope,47322
5117,AR,Prairie,47335
5119,AR,Pulaski,55235
5121,AR,Randolph,42225
5123,AR,St. Francis,34981
5125,AR,Saline,68605
5127,AR,Scott,43577
5129,AR,Searcy,39627
5131,AR,Sebastian,50226
5133,AR,Sevier,49470
5135,AR,Sharp,37361
5137,AR,Stone,32813
5139,AR,Union,46444
5141,AR,Van Buren,40763
5143,AR,Washington,56610
5145,AR,White,46345
5147,AR,Woodruff,43717
5149,AR,Yell,51070
6000,CA,California,84097
6001,CA,Alameda,112017
6003,CA,Alpine,96000
6005,CA,Amador,69955
6007,CA,Butte,59863
6009,CA,Calaveras,70119
6011,CA,Colusa,61861
6013,CA,Contra Costa,110455
6015,CA,Del Norte,53280
6017,CA,El Dorado,88770
6019,CA,Fresno,61276
6021,CA,Glenn,56332
6023,CA,Humboldt,53350
6025,CA,Imperial,49078
6027,CA,Inyo,60925
6029,CA,Kern,58824
6031,CA,Kings,63267
6033,CA,Lake,53399
6035,CA,Lassen,59292
6037,CA,Los Angeles,76367
6039,CA,Madera,66709
6041,CA,Marin,131008
6043,CA,Mariposa,53304
6045,CA,Mendocino,56378
6047,CA,Merced,58861
6049,CA,Modoc,51090
6051,CA,Mono,71138
6053,CA,Monterey,82013
6055,CA,Napa,97498
6057,CA,Nevada,74617
6059,CA,Orange,100485
6061,CA,Placer,99734
6063,CA,Plumas,57885
6065,CA,Riverside,76066
6067,CA,Sacramento,76422
6069,CA,San Benito,95606
6071,CA,San Bernardino,70287
6073,CA,San Diego,88240
6075,CA,San Francisco,126187
6077,CA,San Joaquin,74962
6079,CA,San Luis Obispo,82514
6081,CA,San Mateo,136837
6083,CA,Santa Barbara,84356
6085,CA,Santa Clara,140258
6087,CA,Santa Cruz,96093
6089,CA,Shasta,61937
6091,CA,Sierra,56152
6093,CA,Siskiyou,49857
6095,CA,Solano,89648
6097,CA,Sonoma,91607
6099,CA,Stanislaus,68368
6101,CA,Sutter,67003
6103,CA,Tehama,52901
6105,CA,Trinity,42206
6107,CA,Tulare,57394
6109,CA,Tuolumne,66846
6111,CA,Ventura,94150
6113,CA,Yolo,78386
6115,CA,Yuba,62666
8000,CO,Colorado,80184
8001,CO,Adams,78304
8003,CO,Alamosa,46217
8005,CO,Arapahoe,84947
8007,CO,Archuleta,62907
8009,CO,Baca,39891
8011,CO,Bent,40972
8013,CO,Boulder,92466
8014,CO,Broomfield,107570
8015,CO,Chaffee,61216
8017,CO,Cheyenne,69063
8019,CO,Clear Creek,76313
8021,CO,Conejos,38536
8023,CO,Costilla,35000
8025,CO,Crowley,37870
8027,CO,Custer,59877
8029,CO,Delta,51803
8031,CO,Denver,78177
8033,CO,Dolores,62500
8035,CO,Douglas,127443
8037,CO,Eagle,91338
8039,CO,Elbert,114904
8041,CO,El Paso,75909
8043,CO,Fremont,53411
8045,CO,Garfield,77212
8047,CO,Gilpin,96784
8049,CO,Grand,69353
8051,CO,Gunnison,63341
8053,CO,Hinsdale,45714
8055,CO,Huerfano,45724
8057,CO,Jackson,44667
8059,CO,Jefferson,93933
8061,CO,Kiowa,45476
8063,CO,Kit Carson,52917
8065,CO,Lake,73099
8067,CO,La Plata,75089
8069,CO,Larimer,80664
8071,CO,Las Animas,45118
8073,CO,Lincoln,46894
8075,CO,Logan,50998
8077,CO,Mesa,62127
8079,CO,Mineral,55556
8081,CO,Moffat,58583
8083,CO,Montezuma,58335
8085,CO,Montrose,57225
8087,CO,Morgan,62914
8089,CO,Otero,45826
8091,CO,Ouray,67228
8093,CO,Park,77775
8095,CO,Phillips,50951
8097,CO,Pitkin,92708
8099,CO,Prowers,44984
8101,CO,Pueblo,53430
8103,CO,Rio Blanco,58239
8105,CO,Rio Grande,50287
8107,CO,Routt,83725
8109,CO,Saguache,48413
8111,CO,San Juan,63333
8113,CO,San Miguel,70965
8115,CO,Sedgwick,44405
8117,CO,Summit,93505
8119,CO,Teller,68677
8121,CO,Washington,54141
8123,CO,Weld,80843
8125,CO,Yuma,56327
9000,CT,Connecticut,83572
9001,CT,Fairfield,101194
9003,CT,Hartford,80320
9005,CT,Litchfield,84797
9007,CT,Middlesex,90833
9009,CT,New Haven,75043
9011,CT,New London,79040
9013,CT,Tolland,88525
9015,CT,Windham,71418
10000,DE,Delaware,72724
10001,DE,Kent,63715
10003,DE,New Castle,78428
10005,DE,Sussex,68886
11000,DC,District of Columbia,93547
11001,DC,District of Columbia,93547
12000,FL,Florida,61777
12001,FL,Alachua,53314
12003,FL,Baker,63860
12005,FL,Bay,60473
12007,FL,Bradford,48803
12009,FL,Brevard,63632
12011,FL,Broward,64522
12013,FL,Calhoun,38098
12015,FL,Charlotte,57887
12017,FL,Citrus,48664
12019,FL,Clay,74059
12021,FL,Collier,75543
12023,FL,Columbia,47750
12027,FL,DeSoto,39945
12029,FL,Dixie,44287
12031,FL,Duval,59541
12033,FL,Escambia,56605
12035,FL,Flagler,62305
12037,FL,Franklin,52679
12039,FL,Gadsden,42661
12041,FL,Gilchrist,50983
12043,FL,Glades,38088
12045,FL,Gulf,53812
12047,FL,Hamilton,39346
12049,FL,Hardee,41395
12051,FL,Hendry,38843
12053,FL,Hernando,53301
12055,FL,Highlands,46895
12057,FL,Hillsborough,64164
12059,FL,Holmes,41809
12061,FL,Indian River,61594
12063,FL,Jackson,43416
12065,FL,Jefferson,53080
12067,FL,Lafayette,56458
12069,FL,Lake,60013
12071,FL,Lee,63235
12073,FL,Leon,57359
12075,FL,Levy,43029
12077,FL,Liberty,42438
12079,FL,Madison,39503
12081,FL,Manatee,64964
12083,FL,Marion,50808
12085,FL,Martin,69769
12086,FL,Miami-Dade,57815
12087,FL,Monroe,73153
12089,FL,Nassau,77504
12091,FL,Okaloosa,67390
12093,FL,Okeechobee,47020
12095,FL,Orange,65784
12097,FL,Osceola,58513
12099,FL,Palm Beach,68874
12101,FL,Pasco,58084
12103,FL,Pinellas,60451
12105,FL,Polk,55099
12107,FL,Putnam,39975
12109,FL,St. Johns,88794
12111,FL,St. Lucie,59807
12113,FL,Santa Rosa,77260
12115,FL,Sarasota,69490
12117,FL,Seminole,73002
12119,FL,Sumter,63323
12121,FL,Suwannee,47218
12123,FL,Taylor,43563
12125,FL,Union,55463
12127,FL,Volusia,56786
12129,FL,Wakulla,72941
12131,FL,Walton,68111
12133,FL,Washington,41806
13000,GA,Georgia,65030
13001,GA,Appling,39588
13003,GA,Atkinson,35741
13005,GA,Bacon,40391
13007,GA,Baker,33417
13009,GA,Baldwin,50413
13011,GA,Banks,57893
13013,GA,Barrow,68365
13015,GA,Bartow,65559
13017,GA,Ben Hill,34455
13019,GA,Berrien,44907
13021,GA,Bibb,43862
13023,GA,Bleckley,48786
13025,GA,Brantley,38211
13027,GA,Brooks,39770
13029,GA,Bryan,81032
13031,GA,Bulloch,50583
13033,GA,Burke,47837
13035,GA,Butts,53613
13037,GA,Calhoun,43549
13039,GA,Camden,61636
13043,GA,Candler,36763
13045,GA,Carroll,62498
13047,GA,Catoosa,62669
13049,GA,Charlton,45494
13051,GA,Chatham,61064
13053,GA,Chattahoochee,50018
13055,GA,Chattooga,37946
13057,GA,Cherokee,90681
13059,GA,Clarke,44070
13061,GA,Clay,35893
13063,GA,Clayton,51945
13065,GA,Clinch,47750
13067,GA,Cobb,86013
13069,GA,Coffee,44450
13071,GA,Colquitt,41623
13073,GA,Columbia,85928
13075,GA,Cook,45702
13077,GA,Coweta,83486
13079,GA,Crawford,53132
13081,GA,Crisp,41605
13083,GA,Dade,47675
13085,GA,Dawson,77630
13087,GA,Decatur,45134
13089,GA,DeKalb,69423
13091,GA,Dodge,41362
13093,GA,Dooly,39641
13095,GA,Dougherty,42225
13097,GA,Douglas,67731
13099,GA,Early,39665
13101,GA,Echols,45151
13103,GA,Effingham,72279
13105,GA,Elbert,39904
13107,GA,Emanuel,42880
13109,GA,Evans,49325
13111,GA,Fannin,49810
13113,GA,Fayette,96084
13115,GA,Floyd,52388
13117,GA,Forsyth,120999
13119,GA,Franklin,49636
13121,GA,Fulton,77635
13123,GA,Gilmer,60504
13125,GA,Glascock,53125
13127,GA,Glynn,60775
13129,GA,Gordon,50520
13131,GA,Grady,47721
13133,GA,Greene,65759
13135,GA,Gwinnett,75853
13137,GA,Habersham,56680
13139,GA,Hall,67571
13141,GA,Hancock,33946
13143,GA,Haralson,57752
13145,GA,Harris,82244
13147,GA,Hart,54506
13149,GA,Heard,55635
13151,GA,Henry,73491
13153,GA,Houston,70313
13155,GA,Irwin,42312
13157,GA,Jackson,73455
13159,GA,Jasper,52322
13161,GA,Jeff Davis,39668
13163,GA,Jefferson,42238
13165,GA,Jenkins,29061
13167,GA,Johnson,46292
13169,GA,Jones,61701
13171,GA,Lamar,53802
13173,GA,Lanier,33956
13175,GA,Laurens,42315
13177,GA,Lee,74935
13179,GA,Liberty,50617
13181,GA,Lincoln,44087
13183,GA,Long,52742
13185,GA,Lowndes,48703
13187,GA,Lumpkin,64179
13189,GA,McDuffie,50721
13191,GA,McIntosh,49951
13193,GA,Macon,33163
13195,GA,Madison,51854
13197,GA,Marion,47250
13199,GA,Meriwether,46789
13201,GA,Miller,51983
13205,GA,Mitchell,43427
13207,GA,Monroe,67154
13209,GA,Montgomery,48717
13211,GA,Morgan,71000
13213,GA,Murray,53821
13215,GA,Muscogee,50542
13217,GA,Newton,64767
13219,GA,Oconee,106165
13221,GA,Oglethorpe,58791
13223,GA,Paulding,80234
13225,GA,Peach,53215
13227,GA,Pickens,71637
13229,GA,Pierce,50820
13231,GA,Pike,76152
13233,GA,Polk,48958
13235,GA,Pulaski,44946
13237,GA,Putnam,55757
13239,GA,Quitman,31594
13241,GA,Rabun,48652
13243,GA,Randolph,28870
13245,GA,Richmond,46237
13247,GA,Rockdale,64230
13249,GA,Schley,50586
13251,GA,Screven,43167
13253,GA,Seminole,40579
13255,GA,Spalding,51972
13257,GA,Stephens,50194
13259,GA,Stewart,39020
13261,GA,Sumter,36687
13263,GA,Talbot,40719
13265,GA,Taliaferro,39670
13267,GA,Tattnall,49977
13269,GA,Taylor,36293
13271,GA,Telfair,42971
13273,GA,Terrell,38879
13275,GA,Thomas,52315
13277,GA,Tift,46245
13279,GA,Toombs,42975
13281,GA,Towns,53084
13283,GA,Treutlen,35441
13285,GA,Troup,49042
13287,GA,Turner,35828
13289,GA,Twiggs,45824
13291,GA,Union,52509
13293,GA,Upson,43257
13295,GA,Walker,48633
13297,GA,Walton,71692
13299,GA,Ware,39419
13301,GA,Warren,37309
13303,GA,Washington,39350
13305,GA,Wayne,45115
13307,GA,Webster,32083
13309,GA,Wheeler,26776
13311,GA,White,64729
13313,GA,Whitfield,52439
13315,GA,Wilcox,41406
13317,GA,Wilkes,43859
13319,GA,Wilkinson,34680
13321,GA,Worth,54791
15000,HI,Hawaii,88005
15001,HI,Hawaii,68399
15003,HI,Honolulu,92600
15005,HI,Kalawao,79583
15007,HI,Kauai,86287
15009,HI,Maui,88249
16000,ID,Idaho,63377
16001,ID,Ada,75115
16003,ID,Adams,52746
16005,ID,Bannock,56472
16007,ID,Bear Lake,60337
16009,ID,Benewah,50257
16011,ID,Bingham,63106
16013,ID,Blaine,71749
16015,ID,Boise,64125
16017,ID,Bonner,55206
16019,ID,Bonneville,64928
16021,ID,Boundary,51261
16023,ID,Butte,41552
16025,ID,Camas,37367
16027,ID,Canyon,60716
16029,ID,Caribou,65528
16031,ID,Cassia,57547
16033,ID,Clark,48088
16035,ID,Clearwater,50787
16037,ID,Custer,47663
16039,ID,Elmore,48475
16041,ID,Franklin,56677
16043,ID,Fremont,61875
16045,ID,Gem,59957
16047,ID,Gooding,56734
16049,ID,Idaho,47508
16051,ID,Jefferson,69097
16053,ID,Jerome,61280
16055,ID,Kootenai,64936
16057,ID,Latah,56673
16059,ID,Lemhi,46105
16061,ID,Lewis,44028
16063,ID,Lincoln,55988
16065,ID,Madison,53498
16067,ID,Minidoka,56140
16069,ID,Nez Perce,61810
16071,ID,Oneida,64766
16073,ID,Owyhee,54669
16075,ID,Payette,59540
16077,ID,Power,52116
16079,ID,Shoshone,43188
16081,ID,Teton,75837
16083,ID,Twin Falls,57430
16085,ID,Valley,67528
16087,ID,Washington,45065
17000,IL,Illinois,72563
17001,IL,Adams,58587
17003,IL,Alexander,39871
17005,IL,Bond,53654
17007,IL,Boone,74076
17009,IL,Brown,59346
17011,IL,Bureau,59407
17013,IL,Calhoun,74792
17015,IL,Carroll,54959
17017,IL,Cass,58364
17019,IL,Champaign,56939
17021,IL,Christian,53188
17023,IL,Clark,66067
17025,IL,Clay,53900
17027,IL,Clinton,72468
17029,IL,Coles,48534
17031,IL,Cook,72121
17033,IL,Crawford,54942
17035,IL,Cumberland,66530
17037,IL,DeKalb,64019
17039,IL,De Witt,60401
17041,IL,Douglas,63142
17043,IL,DuPage,100292
17045,IL,Edgar,50843
17047,IL,Edwards,55833
17049,IL,Effingham,65590
17051,IL,Fayette,47744
17053,IL,Ford,55011
17055,IL,Franklin,47751
17057,IL,Fulton,53441
17059,IL,Gallatin,52597
17061,IL,Greene,54427
17063,IL,Grundy,81764
17065,IL,Hamilton,58306
17067,IL,Hancock,58188
17069,IL,Hardin,51738
17071,IL,Henderson,62202
17073,IL,Henry,62097
17075,IL,Iroquois,58481
17077,IL,Jackson,41699
17079,IL,Jasper,60237
17081,IL,Jefferson,54692
17083,IL,Jersey,71655
17085,IL,Jo Daviess,61289
17087,IL,Johnson,58502
17089,IL,Kane,88935
17091,IL,Kankakee,61664
17093,IL,Kendall,101816
17095,IL,Knox,45994
17097,IL,Lake,97127
17099,IL,LaSalle,62825
17101,IL,Lawrence,52020
17103,IL,Lee,62250
17105,IL,Livingston,61419
17107,IL,Logan,59809
17109,IL,McDonough,45704
17111,IL,McHenry,93801
17113,IL,McLean,70339
17115,IL,Macon,55954
17117,IL,Macoupin,58227
17119,IL,Madison,66882
17121,IL,Marion,53209
17123,IL,Marshall,60231
17125,IL,Mason,54415
17127,IL,Massac,57658
17129,IL,Menard,79743
17131,IL,Mercer,59972
17133,IL,Monroe,92950
17135,IL,Montgomery,59309
17137,IL,Morgan,55261
17139,IL,Moultrie,67309
17141,IL,Ogle,67534
17143,IL,Peoria,58426
17145,IL,Perry,53108
17147,IL,Piatt,77559
17149,IL,Pike,51529
17151,IL,Pope,48013
17153,IL,Pulaski,40197
17155,IL,Putnam,67419
17157,IL,Randolph,58093
17159,IL,Richland,59963
17161,IL,Rock Island,58974
17163,IL,St. Clair,63017
17165,IL,Saline,47541
17167,IL,Sangamon,66149
17169,IL,Schuyler,58447
17171,IL,Scott,63555
17173,IL,Shelby,60103
17175,IL,Stark,55109
17177,IL,Stephenson,53806
17179,IL,Tazewell,68860
17181,IL,Union,53363
17183,IL,Vermilion,49063
17185,IL,Wabash,49680
17187,IL,Warren,59673
17189,IL,Washington,67030
17191,IL,Wayne,51540
17193,IL,White,51351
17195,IL,Whiteside,59812
17197,IL,Will,95751
17199,IL,Williamson,54682
17201,IL,Winnebago,57779
17203,IL,Woodford,76486
18000,IN,Indiana,61944
18001,IN,Adams,56037
18003,IN,Allen,61456
18005,IN,Bartholomew,71183
18007,IN,Benton,56155
18009,IN,Blackford,45080
18011,IN,Boone,94843
18013,IN,Brown,67737
18015,IN,Carroll,56929
18017,IN,Cass,51776
18019,IN,Clark,62296
18021,IN,Clay,63361
18023,IN,Clinton,55582
18025,IN,Crawford,42465
18027,IN,Daviess,57083
18029,IN,Dearborn,72674
18031,IN,Decatur,65000
18033,IN,DeKalb,60757
18035,IN,Delaware,49321
18037,IN,Dubois,65389
18039,IN,Elkhart,61182
18041,IN,Fayette,48101
18043,IN,Floyd,69858
18045,IN,Fountain,54475
18047,IN,Franklin,69440
18049,IN,Fulton,56885
18051,IN,Gibson,59697
18053,IN,Grant,50009
18055,IN,Greene,55470
18057,IN,Hamilton,104858
18059,IN,Hancock,79126
18061,IN,Harrison,63586
18063,IN,Hendricks,87961
18065,IN,Henry,54154
18067,IN,Howard,59238
18069,IN,Huntington,56705
18071,IN,Jackson,59504
18073,IN,Jasper,69632
18075,IN,Jay,48904
18077,IN,Jefferson,53784
18079,IN,Jennings,63612
18081,IN,Johnson,77977
18083,IN,Knox,51784
18085,IN,Kosciusko,66764
18087,IN,LaGrange,75624
18089,IN,Lake,62052
18091,IN,LaPorte,60226
18093,IN,Lawrence,60041
18095,IN,Madison,54491
18097,IN,Marion,54601
18099,IN,Marshall,58296
18101,IN,Martin,57199
18103,IN,Miami,53762
18105,IN,Monroe,54096
18107,IN,Montgomery,58311
18109,IN,Morgan,71882
18111,IN,Newton,62306
18113,IN,Noble,63292
18115,IN,Ohio,63036
18117,IN,Orange,56572
18119,IN,Owen,53831
18121,IN,Parke,57156
18123,IN,Perry,54387
18125,IN,Pike,57283
18127,IN,Porter,76736
18129,IN,Posey,69323
18131,IN,Pulaski,52098
18133,IN,Putnam,64993
18135,IN,Randolph,54912
18137,IN,Ripley,64221
18139,IN,Rush,58887
18141,IN,St. Joseph,58599
18143,IN,Scott,45794
18145,IN,Shelby,64070
18147,IN,Spencer,59624
18149,IN,Starke,52802
18151,IN,Steuben,61698
18153,IN,Sullivan,49393
18155,IN,Switzerland,56268
18157,IN,Tippecanoe,53468
18159,IN,Tipton,65983
18161,IN,Union,60750
18163,IN,Vanderburgh,54044
18165,IN,Vermillion,53396
18167,IN,Vigo,48552
18169,IN,Wabash,59611
18171,IN,Warren,68136
18173,IN,Warrick,85613
18175,IN,Washington,53932
18177,IN,Wayne,49952
18179,IN,Wells,62802
18181,IN,White,60327
18183,IN,Whitley,67716
19000,IA,Iowa,65429
19001,IA,Adair,57944
19003,IA,Adams,57981
19005,IA,Allamakee,59461
19007,IA,Appanoose,46900
19009,IA,Audubon,54643
19011,IA,Benton,72334
19013,IA,Black Hawk,57191
19015,IA,Boone,70984
19017,IA,Bremer,76782
19019,IA,Buchanan,71024
19021,IA,Buena Vista,53645
19023,IA,Butler,61109
19025,IA,Calhoun,60434
19027,IA,Carroll,61157
19029,IA,Cass,55395
19031,IA,Cedar,72714
19033,IA,Cerro Gordo,58271
19035,IA,Cherokee,59881
19037,IA,Chickasaw,67146
19039,IA,Clarke,58617
19041,IA,Clay,52307
19043,IA,Clayton,58148
19045,IA,Clinton,56345
19047,IA,Crawford,55552
19049,IA,Dallas,93492
19051,IA,Davis,76755
19053,IA,Decatur,52753
19055,IA,Delaware,69319
19057,IA,Des Moines,54318
19059,IA,Dickinson,65215
19061,IA,Dubuque,68198
19063,IA,Emmet,58357
19065,IA,Fayette,50973
19067,IA,Floyd,55827
19069,IA,Franklin,59019
19071,IA,Fremont,63611
19073,IA,Greene,52768
19075,IA,Grundy,74552
19077,IA,Guthrie,67625
19079,IA,Hamilton,62183
19081,IA,Hancock,64730
19083,IA,Hardin,58845
19085,IA,Harrison,67950
19087,IA,Henry,58767
19089,IA,Howard,60387
19091,IA,Humboldt,60008
19093,IA,Ida,57266
19095,IA,Iowa,64720
19097,IA,Jackson,65541
19099,IA,Jasper,63182
19101,IA,Jefferson,47950
19103,IA,Johnson,67414
19105,IA,Jones,63279
19107,IA,Keokuk,54233
19109,IA,Kossuth,59878
19111,IA,Lee,54258
19113,IA,Linn,70360
19115,IA,Louisa,65867
19117,IA,Lucas,55297
19119,IA,Lyon,69113
19121,IA,Madison,79306
19123,IA,Mahaska,60617
19125,IA,Marion,66822
19127,IA,Marshall,63591
19129,IA,Mills,77926
19131,IA,Mitchell,60991
19133,IA,Monona,56107
19135,IA,Monroe,69929
19137,IA,Montgomery,56971
19139,IA,Muscatine,61547
19141,IA,O'Brien,62292
19143,IA,Osceola,65242
19145,IA,Page,52108
19147,IA,Palo Alto,59988
19149,IA,Plymouth,74239
19151,IA,Pocahontas,56350
19153,IA,Polk,73015
19155,IA,Pottawattamie,63840
19157,IA,Poweshiek,56080
19159,IA,Ringgold,57700
19161,IA,Sac,61040
19163,IA,Scott,67675
19165,IA,Shelby,62222
19167,IA,Sioux,78179
19169,IA,Story,62578
19171,IA,Tama,59794
19173,IA,Taylor,59528
19175,IA,Union,52321
19177,IA,Van Buren,53218
19179,IA,Wapello,51222
19181,IA,Warren,85189
19183,IA,Washington,66908
19185,IA,Wayne,53039
19187,IA,Webster,56934
19189,IA,Winnebago,56578
19191,IA,Winneshiek,65330
19193,IA,Woodbury,63061
19195,IA,Worth,63795
19197,IA,Wright,55395
20000,KS,Kansas,64521
20001,KS,Allen,51840
20003,KS,Anderson,56315
20005,KS,Atchison,52243
20007,KS,Barber,52984
20009,KS,Barton,50077
20011,KS,Bourbon,49951
20013,KS,Brown,52314
20015,KS,Butler,71651
20017,KS,Chase,49453
20019,KS,Chautauqua,46170
20021,KS,Cherokee,47298
20023,KS,Cheyenne,45039
20025,KS,Clark,55556
20027,KS,Clay,52716
20029,KS,Cloud,53110
20031,KS,Coffey,63167
20033,KS,Comanche,49333
20035,KS,Cowley,51732
20037,KS,Crawford,45191
20039,KS,Decatur,46733
20041,KS,Dickinson,59400
20043,KS,Doniphan,54792
20045,KS,Douglas,62594
20047,KS,Edwards,49679
20049,KS,Elk,45660
20051,KS,Ellis,54858
20053,KS,Ellsworth,55318
20055,KS,Finney,61374
20057,KS,Ford,59578
20059,KS,Franklin,63996
20061,KS,Geary,54664
20063,KS,Gove,53226
20065,KS,Graham,44091
20067,KS,Grant,60417
20069,KS,Gray,70321
20071,KS,Greeley,57281
20073,KS,Greenwood,46783
20075,KS,Hamilton,48333
20077,KS,Harper,52188
20079,KS,Harvey,60653
20081,KS,Haskell,58841
20083,KS,Hodgeman,62902
20085,KS,Jackson,62023
20087,KS,Jefferson,72270
20089,KS,Jewell,45655
20091,KS,Johnson,96059
20093,KS,Kearny,61406
20095,KS,Kingman,54852
20097,KS,Kiowa,61406
20099,KS,Labette,51425
20101,KS,Lane,44219
20103,KS,Leavenworth,80853
20105,KS,Lincoln,48457
20107,KS,Linn,52339
20109,KS,Logan,62202
20111,KS,Lyon,52591
20113,KS,McPherson,63816
20115,KS,Marion,54679
20117,KS,Marshall,58750
20119,KS,Meade,66042
20121,KS,Miami,79211
20123,KS,Mitchell,49250
20125,KS,Montgomery,47697
20127,KS,Morris,50242
20129,KS,Morton,51447
20131,KS,Nemaha,65177
20133,KS,Neosho,54479
20135,KS,Ness,63241
20137,KS,Norton,49326
20139,KS,Osage,61702
20141,KS,Osborne,55551
20143,KS,Ottawa,57455
20145,KS,Pawnee,50988
20147,KS,Phillips,53919
20149,KS,Pottawatomie,76089
20151,KS,Pratt,57109
20153,KS,Rawlins,58590
20155,KS,Reno,53359
20157,KS,Republic,50268
20159,KS,Rice,56379
20161,KS,Riley,53296
20163,KS,Rooks,55000
20165,KS,Rush,50714
20167,KS,Russell,52108
20169,KS,Saline,55175
20171,KS,Scott,46583
20173,KS,Sedgwick,60593
20175,KS,Seward,51809
20177,KS,Shawnee,59848
20179,KS,Sheridan,68952
20181,KS,Sherman,58830
20183,KS,Smith,48051
20185,KS,Stafford,54188
20187,KS,Stanton,60607
20189,KS,Stevens,61267
20191,KS,Sumner,54854
20193,KS,Thomas,69844
20195,KS,Trego,78529
20197,KS,Wabaunsee,66589
20199,KS,Wallace,56538
20201,KS,Washington,53491
20203,KS,Wichita,63306
20205,KS,Wilson,52514
20207,KS,Woodson,45234
20209,KS,Wyandotte,52366
21000,KY,Kentucky,55454
21001,KY,Adair,46652
21003,KY,Allen,47495
21005,KY,Anderson,59887
21007,KY,Ballard,52695
21009,KY,Barren,44254
21011,KY,Bath,46375
21013,KY,Bell,32123
21015,KY,Boone,87034
21017,KY,Bourbon,53277
21019,KY,Boyd,53077
21021,KY,Boyle,54234
21023,KY,Bracken,63277
21025,KY,Breathitt,32259
21027,KY,Breckinridge,49919
21029,KY,Bullitt,67892
21031,KY,Butler,48355
21033,KY,Caldwell,48280
21035,KY,Calloway,44534
21037,KY,Campbell,65580
21039,KY,Carlisle,42386
21041,KY,Carroll,42433
21043,KY,Carter,40092
21045,KY,Casey,37694
21047,KY,Christian,45913
21049,KY,Clark,59294
21051,KY,Clay,33399
21053,KY,Clinton,35042
21055,KY,Crittenden,45000
21057,KY,Cumberland,34563
21059,KY,Daviess,57660
21061,KY,Edmonson,41533
21063,KY,Elliott,36455
21065,KY,Estill,36336
21067,KY,Fayette,61526
21069,KY,Fleming,48315
21071,KY,Floyd,37360
21073,KY,Franklin,59498
21075,KY,Fulton,33567
21077,KY,Gallatin,54978
21079,KY,Garrard,58137
21081,KY,Grant,60040
21083,KY,Graves,48187
21085,KY,Grayson,40839
21087,KY,Green,34363
21089,KY,Greenup,55431
21091,KY,Hancock,61622
21093,KY,Hardin,59863
21095,KY,Harlan,30210
21097,KY,Harrison,53862
21099,KY,Hart,45342
21101,KY,Henderson,53635
21103,KY,Henry,52301
21105,KY,Hickman,46321
21107,KY,Hopkins,49495
21109,KY,Jackson,33699
21111,KY,Jefferson,61633
21113,KY,Jessamine,65196
21115,KY,Johnson,41489
21117,KY,Kenton,68503
21119,KY,Knott,35583
21121,KY,Knox,29206
21123,KY,Larue,53555
21125,KY,Laurel,46604
21127,KY,Lawrence,37014
21129,KY,Lee,29817
21131,KY,Leslie,34528
21133,KY,Letcher,35278
21135,KY,Lewis,32402
21137,KY,Lincoln,45856
21139,KY,Livingston,51081
21141,KY,Logan,53133
21143,KY,Lyon,55203
21145,KY,McCracken,53366
21147,KY,McCreary,33939
21149,KY,McLean,57027
21151,KY,Madison,55002
21153,KY,Magoffin,29615
21155,KY,Marion,48791
21157,KY,Marshall,58989
21159,KY,Martin,40826
21161,KY,Mason,48106
21163,KY,Meade,63944
21165,KY,Menifee,43313
21167,KY,Mercer,53750
21169,KY,Metcalfe,43196
21171,KY,Monroe,39334
21173,KY,Montgomery,49313
21175,KY,Morgan,41664
21177,KY,Muhlenberg,46124
21179,KY,Nelson,64354
21181,KY,Nicholas,44306
21183,KY,Ohio,48481
21185,KY,Oldham,109815
21187,KY,Owen,52450
21189,KY,Owsley,29340
21191,KY,Pendleton,57619
21193,KY,Perry,40577
21195,KY,Pike,36910
21197,KY,Powell,39493
21199,KY,Pulaski,42652
21201,KY,Robertson,53833
21203,KY,Rockcastle,40406
21205,KY,Rowan,45681
21207,KY,Russell,41851
21209,KY,Scott,73113
21211,KY,Shelby,73974
21213,KY,Simpson,53420
21215,KY,Spencer,92973
21217,KY,Taylor,56890
21219,KY,Todd,54823
21221,KY,Trigg,53693
21223,KY,Trimble,62125
21225,KY,Union,50533
21227,KY,Warren,57625
21229,KY,Washington,59049
21231,KY,Wayne,41237
21233,KY,Webster,47051
21235,KY,Whitley,41817
21237,KY,Wolfe,24349
21239,KY,Woodford,72765
22000,LA,Louisiana,53571
22001,LA,Acadia,42368
22003,LA,Allen,47660
22005,LA,Ascension,86256
22007,LA,Assumption,42831
22009,LA,Avoyelles,37903
22011,LA,Beauregard,57130
22013,LA,Bienville,32328
22015,LA,Bossier,58289
22017,LA,Caddo,43153
22019,LA,Calcasieu,59470
22021,LA,Caldwell,41861
22023,LA,Cameron,64525
22025,LA,Catahoula,42232
22027,LA,Claiborne,29574
22029,LA,Concordia,36157
22031,LA,De Soto,45364
22033,LA,East Baton Rouge,58167
22035,LA,East Carroll,25049
22037,LA,East Feliciana,58125
22039,LA,Evangeline,32465
22041,LA,Franklin,38250
22043,LA,Grant,52779
22045,LA,Iberia,52278
22047,LA,Iberville,52994
22049,LA,Jackson,41298
22051,LA,Jefferson,58638
22053,LA,Jefferson Davis,45578
22055,LA,Lafayette,63311
22057,LA,Lafourche,58747
22059,LA,La Salle,52205
22061,LA,Lincoln,38458
22063,LA,Livingston,71547
22065,LA,Madison,36875
22067,LA,Morehouse,33758
22069,LA,Natchitoches,33965
22071,LA,Orleans,45594
22073,LA,Ouachita,46021
22075,LA,Plaquemines,69970
22077,LA,Pointe Coupee,50431
22079,LA,Rapides,49639
22081,LA,Red River,41227
22083,LA,Richland,42956
22085,LA,Sabine,39975
22087,LA,St. Bernard,52538
22089,LA,St. Charles,72088
22091,LA,St. Helena,40857
22093,LA,St. James,56207
22095,LA,St. John the Baptist,60743
22097,LA,St. Landry,41068
22099,LA,St. Martin,46711
22101,LA,St. Mary,43097
22103,LA,St. Tammany,70986
22105,LA,Tangipahoa,50659
22107,LA,Tensas,32962
22109,LA,Terrebonne,57940
22111,LA,Union,44192
22113,LA,Vermilion,56347
22115,LA,Vernon,53215
22117,LA,Washington,39168
22119,LA,Webster,31197
22121,LA,West Baton Rouge,72391
22123,LA,West Carroll,42050
22125,LA,West Feliciana,63450
22127,LA,Winn,43710
23000,ME,Maine,63182
23001,ME,Androscoggin,59287
23003,ME,Aroostook,47278
23005,ME,Cumberland,80679
23007,ME,Franklin,53607
23009,ME,Hancock,60354
23011,ME,Kennebec,58097
23013,ME,Knox,63399
23015,ME,Lincoln,62121
23017,ME,Oxford,51384
23019,ME,Penobscot,55125
23021,ME,Piscataquis,46948
23023,ME,Sagadahoc,73343
23025,ME,Somerset,47488
23027,ME,Waldo,59880
23029,ME,Washington,46689
23031,ME,York,73856
24000,MD,Maryland,91431
24001,MD,Allegany,51090
24003,MD,Anne Arundel,108048
24005,MD,Baltimore,81846
24009,MD,Calvert,120295
24011,MD,Caroline,63027
24013,MD,Carroll,104708
24015,MD,Cecil,81817
24017,MD,Charles,107808
24019,MD,Dorchester,55652
24021,MD,Frederick,106129
24023,MD,Garrett,58011
24025,MD,Harford,98495
24027,MD,Howard,129549
24029,MD,Kent,64451
24031,MD,Montgomery,117345
24033,MD,Prince George's,91124
24035,MD,Queen Anne's,99597
24037,MD,St. Mary's,102859
24039,MD,Somerset,48661
24041,MD,Talbot,79349
24043,MD,Washington,67349
24045,MD,Wicomico,63610
24047,MD,Worcester,71262
24510,MD,Baltimore,54124
25000,MA,Massachusetts,89026
25001,MA,Barnstable,82619
25003,MA,Berkshire,63159
25005,MA,Bristol,74290
25007,MA,Dukes,77392
25009,MA,Essex,86684
25011,MA,Franklin,64949
25013,MA,Hampden,61310
25015,MA,Hampshire,76959
25017,MA,Middlesex,111790
25019,MA,Nantucket,116571
25021,MA,Norfolk,112089
25023,MA,Plymouth,98190
25025,MA,Suffolk,80260
25027,MA,Worcester,81660
26000,MI,Michigan,63202
26001,MI,Alcona,46187
26003,MI,Alger,48822
26005,MI,Allegan,70269
26007,MI,Alpena,44864
26009,MI,Antrim,60378
26011,MI,Arenac,48989
26013,MI,Baraga,45792
26015,MI,Barry,68779
26017,MI,Bay,52510
26019,MI,Benzie,68875
26021,MI,Berrien,55893
26023,MI,Branch,56077
26025,MI,Calhoun,53286
26027,MI,Cass,60725
26029,MI,Charlevoix,63508
26031,MI,Cheboygan,53482
26033,MI,Chippewa,53079
26035,MI,Clare,43069
26037,MI,Clinton,76161
26039,MI,Crawford,54240
26041,MI,Delta,51117
26043,MI,Dickinson,54775
26045,MI,Eaton,72173
26047,MI,Emmet,63488
26049,MI,Genesee,54052
26051,MI,Gladwin,48279
26053,MI,Gogebic,41948
26055,MI,Grand Traverse,69393
26057,MI,Gratiot,53347
26059,MI,Hillsdale,54110
26061,MI,Houghton,48623
26063,MI,Huron,51924
26065,MI,Ingham,58226
26067,MI,Ionia,64436
26069,MI,Iosco,44334
26071,MI,Iron,45792
26073,MI,Isabella,48840
26075,MI,Jackson,57746
26077,MI,Kalamazoo,61739
26079,MI,Kalkaska,50363
26081,MI,Kent,69786
26083,MI,Keweenaw,54010
26085,MI,Lake,40753
26087,MI,Lapeer,69194
26089,MI,Leelanau,72709
26091,MI,Lenawee,60656
26093,MI,Livingston,88908
26095,MI,Luce,49667
26097,MI,Mackinac,52989
26099,MI,Macomb,67828
26101,MI,Manistee,54428
26103,MI,Marquette,57981
26105,MI,Mason,55035
26107,MI,Mecosta,48440
26109,MI,Menominee,52457
26111,MI,Midland,67642
26113,MI,Missaukee,50695
26115,MI,Monroe,68006
26117,MI,Montcalm,54803
26119,MI,Montmorency,43913
26121,MI,Muskegon,57047
26123,MI,Newaygo,54235
26125,MI,Oakland,86275
26127,MI,Oceana,56454
26129,MI,Ogemaw,44165
26131,MI,Ontonagon,44605
26133,MI,Osceola,50722
26135,MI,Oscoda,45659
26137,MI,Otsego,59330
26139,MI,Ottawa,77288
26141,MI,Presque Isle,52181
26143,MI,Roscommon,46218
26145,MI,Saginaw,52749
26147,MI,St. Clair,62847
26149,MI,St. Joseph,57080
26151,MI,Sanilac,52459
26153,MI,Schoolcraft,54163
26155,MI,Shiawassee,58004
26157,MI,Tuscola,55174
26159,MI,Van Buren,61549
26161,MI,Washtenaw,79198
26163,MI,Wayne,52830
26165,MI,Wexford,54114
27000,MN,Minnesota,77706
27001,MN,Aitkin,50900
27003,MN,Anoka,88680
27005,MN,Becker,64296
27007,MN,Beltrami,55910
27009,MN,Benton,65529
27011,MN,Big Stone,58095
27013,MN,Blue Earth,65000
27015,MN,Brown,62999
27017,MN,Carlton,68579
27019,MN,Carver,107890
27021,MN,Cass,56487
27023,MN,Chippewa,59051
27025,MN,Chisago,90870
27027,MN,Clay,67984
27029,MN,Clearwater,56605
27031,MN,Cook,65045
27033,MN,Cottonwood,56297
27035,MN,Crow Wing,60810
27037,MN,Dakota,93892
27039,MN,Dodge,84568
27041,MN,Douglas,69069
27043,MN,Faribault,55186
27045,MN,Fillmore,67195
27047,MN,Freeborn,59862
27049,MN,Goodhue,71414
27051,MN,Grant,60781
27053,MN,Hennepin,85438
27055,MN,Houston,62397
27057,MN,Hubbard,63122
27059,MN,Isanti,78687
27061,MN,Itasca,58393
27063,MN,Jackson,64134
27065,MN,Kanabec,60982
27067,MN,Kandiyohi,67798
27069,MN,Kittson,60676
27071,MN,Koochiching,54708
27073,MN,Lac qui Parle,60718
27075,MN,Lake,66828
27077,MN,Lake of the Woods,55913
27079,MN,Le Sueur,80425
27081,MN,Lincoln,58621
27083,MN,Lyon,62388
27085,MN,McLeod,67067
27087,MN,Mahnomen,48021
27089,MN,Marshall,64239
27091,MN,Martin,57002
27093,MN,Meeker,67099
27095,MN,Mille Lacs,61995
27097,MN,Morrison,61873
27099,MN,Mower,60386
27101,MN,Murray,69250
27103,MN,Nicollet,74317
27105,MN,Nobles,57101
27107,MN,Norman,58846
27109,MN,Olmsted,84656
27111,MN,Otter Tail,63587
27113,MN,Pennington,64268
27115,MN,Pine,59840
27117,MN,Pipestone,58288
27119,MN,Polk,61643
27121,MN,Pope,67040
27123,MN,Ramsey,71494
27125,MN,Red Lake,62417
27127,MN,Redwood,59638
27129,MN,Renville,61233
27131,MN,Rice,71384
27133,MN,Rock,68638
27135,MN,Roseau,65651
27137,MN,St. Louis,61213
27139,MN,Scott,109031
27141,MN,Sherburne,92374
27143,MN,Sibley,67412
27145,MN,Stearns,68212
27147,MN,Steele,73468
27149,MN,Stevens,65750
27151,MN,Swift,53664
27153,MN,Todd,58021
27155,MN,Traverse,56667
27157,MN,Wabasha,70603
27159,MN,Wadena,50100
27161,MN,Waseca,66502
27163,MN,Washington,102258
27165,MN,Watonwan,59494
27167,MN,Wilkin,57907
27169,MN,Winona,61753
27171,MN,Wright,94276
27173,MN,Yellow Medicine,65014
28000,MS,Mississippi,49111
28001,MS,Adams,33860
28003,MS,Alcorn,44068
28005,MS,Amite,31367
28007,MS,Attala,36196
28009,MS,Benton,39311
28011,MS,Bolivar,33729
28013,MS,Calhoun,41142
28015,MS,Carroll,46147
28017,MS,Chickasaw,38620
28019,MS,Choctaw,37859
28021,MS,Claiborne,31305
28023,MS,Clarke,40838
28025,MS,Clay,35638
28027,MS,Coahoma,31312
28029,MS,Copiah,46530
28031,MS,Covington,40233
28033,MS,DeSoto,73460
28035,MS,Forrest,45780
28037,MS,Franklin,40479
28039,MS,George,47385
28041,MS,Greene,49581
28043,MS,Grenada,40808
28045,MS,Hancock,58196
28047,MS,Harrison,51590
28049,MS,Hinds,46179
28051,MS,Holmes,24958
28053,MS,Humphreys,30327
28055,MS,Issaquena,17109
28057,MS,Itawamba,53510
28059,MS,Jackson,55107
28061,MS,Jasper,39992
28063,MS,Jefferson,29205
28065,MS,Jefferson Davis,34771
28067,MS,Jones,43659
28069,MS,Kemper,37667
28071,MS,Lafayette,54720
28073,MS,Lamar,63925
28075,MS,Lauderdale,43301
28077,MS,Lawrence,39443
28079,MS,Leake,39660
28081,MS,Lee,60708
28083,MS,Leflore,30182
28085,MS,Lincoln,43926
28087,MS,Lowndes,49660
28089,MS,Madison,74688
28091,MS,Marion,34286
28093,MS,Marshall,42968
28095,MS,Monroe,47353
28097,MS,Montgomery,35903
28099,MS,Neshoba,43416
28101,MS,Newton,44530
28103,MS,Noxubee,38999
28105,MS,Oktibbeha,41094
28107,MS,Panola,39673
28109,MS,Pearl River,53855
28111,MS,Perry,47368
28113,MS,Pike,36308
28115,MS,Pontotoc,52150
28117,MS,Prentiss,46417
28119,MS,Quitman,25783
28121,MS,Rankin,72326
28123,MS,Scott,43022
28125,MS,Sharkey,38977
28127,MS,Simpson,43842
28129,MS,Smith,51792
28131,MS,Stone,50807
28133,MS,Sunflower,32608
28135,MS,Tallahatchie,31484
28137,MS,Tate,54839
28139,MS,Tippah,41506
28141,MS,Tishomingo,40394
28143,MS,Tunica,41176
28145,MS,Union,50543
28147,MS,Walthall,34605
28149,MS,Warren,50686
28151,MS,Washington,34399
28153,MS,Wayne,34766
28155,MS,Webster,53363
28157,MS,Wilkinson,31412
28159,MS,Winston,39725
28161,MS,Yalobusha,44348
28163,MS,Yazoo,40037
29000,MO,Missouri,61043
29001,MO,Adair,46639
29003,MO,Andrew,63769
29005,MO,Atchison,53867
29007,MO,Audrain,47178
29009,MO,Barry,49574
29011,MO,Barton,45113
29013,MO,Bates,52093
29015,MO,Benton,45533
29017,MO,Bollinger,51250
29019,MO,Boone,62653
29021,MO,Buchanan,54073
29023,MO,Butler,44842
29025,MO,Caldwell,54321
29027,MO,Callaway,63791
29029,MO,Camden,55717
29031,MO,Cape Girardeau,59252
29033,MO,Carroll,54967
29035,MO,Carter,42378
29037,MO,Cass,76924
29039,MO,Cedar,41211
29041,MO,Chariton,56758
29043,MO,Christian,69212
29045,MO,Clark,45965
29047,MO,Clay,75596
29049,MO,Clinton,63876
29051,MO,Cole,64715
29053,MO,Cooper,55711
29055,MO,Crawford,46643
29057,MO,Dade,43661
29059,MO,Dallas,44948
29061,MO,Daviess,55750
29063,MO,DeKalb,59462
29065,MO,Dent,45700
29067,MO,Douglas,45125
29069,MO,Dunklin,42194
29071,MO,Franklin,65263
29073,MO,Gasconade,58956
29075,MO,Gentry,47746
29077,MO,Greene,50682
29079,MO,Grundy,49621
29081,MO,Harrison,45313
29083,MO,Henry,49682
29085,MO,Hickory,32132
29087,MO,Holt,52500
29089,MO,Howard,58596
29091,MO,Howell,43200
29093,MO,Iron,44717
29095,MO,Jackson,60800
29097,MO,Jasper,51876
29099,MO,Jefferson,71285
29101,MO,Johnson,59952
29103,MO,Knox,40814
29105,MO,Laclede,46968
29107,MO,Lafayette,70969
29109,MO,Lawrence,46923
29111,MO,Lewis,46250
29113,MO,Lincoln,76622
29115,MO,Linn,54245
29117,MO,Livingston,54309
29119,MO,McDonald,43086
29121,MO,Macon,48583
29123,MO,Madison,50529
29125,MO,Maries,50434
29127,MO,Marion,56213
29129,MO,Mercer,52105
29131,MO,Miller,47288
29133,MO,Mississippi,39127
29135,MO,Moniteau,58900
29137,MO,Monroe,46441
29139,MO,Montgomery,54390
29141,MO,Morgan,46078
29143,MO,New Madrid,42370
29145,MO,Newton,55820
29147,MO,Nodaway,47669
29149,MO,Oregon,35972
29151,MO,Osage,67088
29153,MO,Ozark,36402
29155,MO,Pemiscot,35865
29157,MO,Perry,56832
29159,MO,Pettis,51936
29161,MO,Phelps,48124
29163,MO,Pike,47382
29165,MO,Platte,85031
29167,MO,Polk,50890
29169,MO,Pulaski,59252
29171,MO,Putnam,46161
29173,MO,Ralls,58829
29175,MO,Randolph,51403
29177,MO,Ray,67643
29179,MO,Reynolds,41925
29181,MO,Ripley,36089
29183,MO,St. Charles,91792
29185,MO,St. Clair,40470
29186,MO,Ste. Genevieve,62607
29187,MO,St. Francois,50015
29189,MO,St. Louis,72562
29195,MO,Saline,49705
29197,MO,Schuyler,49746
29199,MO,Scotland,48705
29201,MO,Scott,50556
29203,MO,Shannon,41176
29205,MO,Shelby,46178
29207,MO,Stoddard,46052
29209,MO,Stone,54320
29211,MO,Sullivan,46964
29213,MO,Taney,51031
29215,MO,Texas,37994
29217,MO,Vernon,49494
29219,MO,Warren,68350
29221,MO,Washington,44955
29223,MO,Wayne,42257
29225,MO,Webster,59325
29227,MO,Worth,41847
29229,MO,Wright,40179
29510,MO,St. Louis,48751
30000,MT,Montana,60560
30001,MT,Beaverhead,51048
30003,MT,Big Horn,49640
30005,MT,Blaine,50847
30007,MT,Broadwater,60244
30009,MT,Carbon,63178
30011,MT,Carter,41447
30013,MT,Cascade,56377
30015,MT,Chouteau,48237
30017,MT,Custer,55426
30019,MT,Daniels,54722
30021,MT,Dawson,57684
30023,MT,Deer Lodge,44809
30025,MT,Fallon,83750
30027,MT,Fergus,52941
30029,MT,Flathead,63582
30031,MT,Gallatin,76208
30033,MT,Garfield,55000
30035,MT,Glacier,39441
30037,MT,Golden Valley,46607
30039,MT,Granite,49077
30041,MT,Hill,56840
30043,MT,Jefferson,72500
30045,MT,Judith Basin,51691
30047,MT,Lake,53154
30049,MT,Lewis and Clark,66486
30051,MT,Liberty,46507
30053,MT,Lincoln,41922
30055,MT,McCone,63365
30057,MT,Madison,56410
30059,MT,Meagher,51709
30061,MT,Mineral,50750
30063,MT,Missoula,61423
30065,MT,Musselshell,51153
30067,MT,Park,58510
30069,MT,Petroleum,54375
30071,MT,Phillips,50789
30073,MT,Pondera,55865
30075,MT,Powder River,55833
30077,MT,Powell,53111
30079,MT,Prairie,44500
30081,MT,Ravalli,59640
30083,MT,Richland,62530
30085,MT,Roosevelt,47182
30087,MT,Rosebud,59339
30089,MT,Sanders,46848
30091,MT,Sheridan,58786
30093,MT,Silver Bow,50331
30095,MT,Stillwater,72906
30097,MT,Sweet Grass,59238
30099,MT,Teton,60431
30101,MT,Toole,54137
30103,MT,Treasure,55313
30105,MT,Valley,53667
30107,MT,Wheatland,38893
30109,MT,Wibaux,49000
30111,MT,Yellowstone,65656
31000,NE,Nebraska,66644
31001,NE,Adams,57783
31003,NE,Antelope,55802
31005,NE,Arthur,59375
31007,NE,Banner,57917
31009,NE,Blaine,49464
31011,NE,Boone,63668
31013,NE,Box Butte,63366
31015,NE,Boyd,54464
31017,NE,Brown,43942
31019,NE,Buffalo,65810
31021,NE,Burt,55769
31023,NE,Butler,64837
31025,NE,Cass,78251
31027,NE,Cedar,69490
31029,NE,Chase,55690
31031,NE,Cherry,57719
31033,NE,Cheyenne,53674
31035,NE,Clay,70690
31037,NE,Colfax,70381
31039,NE,Cuming,63125
31041,NE,Custer,57715
31043,NE,Dakota,63053
31045,NE,Dawes,51925
31047,NE,Dawson,58402
31049,NE,Deuel,50924
31051,NE,Dixon,58849
31053,NE,Dodge,60962
31055,NE,Douglas,70683
31057,NE,Dundy,53696
31059,NE,Fillmore,66410
31061,NE,Franklin,52400
31063,NE,Frontier,59573
31065,NE,Furnas,57284
31067,NE,Gage,55000
31069,NE,Garden,43478
31071,NE,Garfield,57888
31073,NE,Gosper,69886
31075,NE,Grant,56806
31077,NE,Greeley,48472
31079,NE,Hall,60720
31081,NE,Hamilton,71211
31083,NE,Harlan,59432
31085,NE,Hayes,51389
31087,NE,Hitchcock,47025
31089,NE,Holt,60592
31091,NE,Hooker,51333
31093,NE,Howard,64167
31095,NE,Jefferson,51587
31097,NE,Johnson,53696
31099,NE,Kearney,68606
31101,NE,Keith,54303
31103,NE,Keya Paha,54583
31105,NE,Kimball,55428
31107,NE,Knox,58043
31109,NE,Lancaster,65086
31111,NE,Lincoln,61309
31113,NE,Logan,60250
31115,NE,Loup,46667
31117,NE,McPherson,53750
31119,NE,Madison,55375
31121,NE,Merrick,57778
31123,NE,Morrill,50859
31125,NE,Nance,55473
31127,NE,Nemaha,53081
31129,NE,Nuckolls,61667
31131,NE,Otoe,70072
31133,NE,Pawnee,51354
31135,NE,Perkins,57250
31137,NE,Phelps,61606
31139,NE,Pierce,62299
31141,NE,Platte,64105
31143,NE,Polk,66486
31145,NE,Red Willow,53387
31147,NE,Richardson,46085
31149,NE,Rock,55129
31151,NE,Saline,58011
31153,NE,Sarpy,88408
31155,NE,Saunders,76485
31157,NE,Scotts Bluff,56588
31159,NE,Seward,73892
31161,NE,Sheridan,47901
31163,NE,Sherman,57579
31165,NE,Sioux,46769
31167,NE,Stanton,70583
31169,NE,Thayer,56111
31171,NE,Thomas,51696
31173,NE,Thurston,56223
31175,NE,Valley,58015
31177,NE,Washington,83491
31179,NE,Wayne,60971
31181,NE,Webster,56786
31183,NE,Wheeler,51875
31185,NE,York,66337
32000,NV,Nevada,65686
32001,NV,Churchill,61776
32003,NV,Clark,64210
32005,NV,Douglas,75688
32007,NV,Elko,82462
32009,NV,Esmeralda,31667
32011,NV,Eureka,68307
32013,NV,Humboldt,70315
32015,NV,Lander,92543
32017,NV,Lincoln,62164
32019,NV,Lyon,63952
32021,NV,Mineral,43009
32023,NV,Nye,52570
32027,NV,Pershing,62841
32029,NV,Storey,66713
32031,NV,Washoe,74292
32033,NV,White Pine,63590
32510,NV,Carson,62217
33000,NH,New Hampshire,83449
33001,NH,Belknap,75035
33003,NH,Carroll,70873
33005,NH,Cheshire,69360
33007,NH,Coos,52054
33009,NH,Grafton,73755
33011,NH,Hillsborough,86930
33013,NH,Merrimack,82457
33015,NH,Rockingham,101683
33017,NH,Strafford,76560
33019,NH,Sullivan,64587
34000,NJ,New Jersey,89703
34001,NJ,Atlantic,66473
34003,NJ,Bergen,109497
34005,NJ,Burlington,95935
34007,NJ,Camden,75485
34009,NJ,Cape May,76237
34011,NJ,Cumberland,58397
34013,NJ,Essex,67826
34015,NJ,Gloucester,93208
34017,NJ,Hudson,79795
34019,NJ,Hunterdon,123373
34021,NJ,Mercer,85687
34023,NJ,Middlesex,96883
34025,NJ,Monmouth,110356
34027,NJ,Morris,123727
34029,NJ,Ocean,76644
34031,NJ,Passaic,78386
34033,NJ,Salem,67898
34035,NJ,Somerset,121695
34037,NJ,Sussex,101645
34039,NJ,Union,87369
34041,NJ,Warren,85163
35000,NM,New Mexico,54020
35001,NM,Bernalillo,56920
35003,NM,Catron,37623
35005,NM,Chaves,47620
35006,NM,Cibola,47300
35007,NM,Colfax,39483
35009,NM,Curry,51199
35011,NM,De Baca,32750
35015,NM,Eddy,67759
35017,NM,Grant,39429
35019,NM,Guadalupe,35409
35021,NM,Harding,35900
35023,NM,Hidalgo,46097
35025,NM,Lea,62319
35027,NM,Lincoln,47247
35028,NM,Los Alamos,123677
35029,NM,Luna,33914
35031,NM,McKinley,40262
35033,NM,Mora,37549
35035,NM,Otero,46949
35037,NM,Quay,33067
35039,NM,Rio Arriba,46994
35041,NM,Roosevelt,47897
35043,NM,Sandoval,68947
35045,NM,San Juan,47485
35047,NM,San Miguel,36492
35049,NM,Santa Fe,64423
35051,NM,Sierra,35939
35053,NM,Socorro,38242
35055,NM,Taos,49481
35057,NM,Torrance,44819
35059,NM,Union,37443
35061,NM,Valencia,53752
36000,NY,New York,75157
36001,NY,Albany,73810
36003,NY,Allegany,54375
36005,NY,Bronx,43726
36007,NY,Broome,53982
36009,NY,Cattaraugus,53537
36011,NY,Cayuga,59602
36013,NY,Chautauqua,50408
36015,NY,Chemung,58175
36017,NY,Chenango,55690
36019,NY,Clinton,62470
36021,NY,Columbia,73065
36023,NY,Cortland,62163
36025,NY,Delaware,52757
36027,NY,Dutchess,87112
36029,NY,Erie,62578
36031,NY,Essex,61563
36033,NY,Franklin,55279
36035,NY,Fulton,55240
36037,NY,Genesee,63734
36039,NY,Greene,62810
36041,NY,Hamilton,62841
36043,NY,Herkimer,60561
36045,NY,Jefferson,58271
36047,NY,Kings,67753
36049,NY,Lewis,60049
36051,NY,Livingston,64467
36053,NY,Madison,63312
36055,NY,Monroe,66317
36057,NY,Montgomery,53533
36059,NY,Nassau,126576
36061,NY,New York,93956
36063,NY,Niagara,60834
36065,NY,Oneida,61733
36067,NY,Onondaga,66012
36069,NY,Ontario,70694
36071,NY,Orange,85640
36073,NY,Orleans,54882
36075,NY,Oswego,61983
36077,NY,Otsego,60523
36079,NY,Putnam,111617
36081,NY,Queens,75886
36083,NY,Rensselaer,76731
36085,NY,Richmond,89427
36087,NY,Rockland,99707
36089,NY,St. Lawrence,54351
36091,NY,Saratoga,90800
36093,NY,Schenectady,69891
36095,NY,Schoharie,64220
36097,NY,Schuyler,56437
36099,NY,Seneca,59086
36101,NY,Steuben,58652
36103,NY,Suffolk,111660
36105,NY,Sullivan,63393
36107,NY,Tioga,64987
36109,NY,Tompkins,64260
36111,NY,Ulster,71040
36113,NY,Warren,68765
36115,NY,Washington,63869
36117,NY,Wayne,64152
36119,NY,Westchester,105387
36121,NY,Wyoming,60013
36123,NY,Yates,57635
37000,NC,North Carolina,60516
37001,NC,Alamance,55078
37003,NC,Alexander,55041
37005,NC,Alleghany,38930
37007,NC,Anson,39862
37009,NC,Ashe,43938
37011,NC,Avery,46383
37013,NC,Beaufort,51894
37015,NC,Bertie,37571
37017,NC,Bladen,39259
37019,NC,Brunswick,64400
37021,NC,Buncombe,59699
37023,NC,Burke,48142
37025,NC,Cabarrus,75765
37027,NC,Caldwell,48549
37029,NC,Camden,68560
37031,NC,Carteret,61805
37033,NC,Caswell,53279
37035,NC,Catawba,57840
37037,NC,Chatham,76791
37039,NC,Cherokee,43319
37041,NC,Chowan,46288
37043,NC,Clay,47155
37045,NC,Cleveland,45646
37047,NC,Columbus,40562
37049,NC,Craven,56325
37051,NC,Cumberland,50746
37053,NC,Currituck,79416
37055,NC,Dare,69500
37057,NC,Davidson,53083
37059,NC,Davie,64657
37061,NC,Duplin,45744
37063,NC,Durham,67000
37065,NC,Edgecombe,41974
37067,NC,Forsyth,56830
37069,NC,Franklin,62332
37071,NC,Gaston,56819
37073,NC,Gates,51599
37075,NC,Graham,41977
37077,NC,Granville,60606
37079,NC,Greene,45766
37081,NC,Guilford,58646
37083,NC,Halifax,37832
37085,NC,Harnett,59676
37087,NC,Haywood,52063
37089,NC,Henderson,59928
37091,NC,Hertford,43523
37093,NC,Hoke,53456
37095,NC,Hyde,48577
37097,NC,Iredell,66824
37099,NC,Jackson,47989
37101,NC,Johnston,66026
37103,NC,Jones,42401
37105,NC,Lee,57674
37107,NC,Lenoir,41092
37109,NC,Lincoln,65399
37111,NC,McDowell,50615
37113,NC,Macon,48169
37115,NC,Madison,51396
37117,NC,Martin,41798
37119,NC,Mecklenburg,73124
37121,NC,Mitchell,48320
37123,NC,Montgomery,50618
37125,NC,Moore,67440
37127,NC,Nash,52837
37129,NC,New Hanover,62362
37131,NC,Northampton,39764
37133,NC,Onslow,54732
37135,NC,Orange,79205
37137,NC,Pamlico,52124
37139,NC,Pasquotank,56510
37141,NC,Pender,65681
37143,NC,Perquimans,53138
37145,NC,Person,55759
37147,NC,Pitt,50422
37149,NC,Polk,55058
37151,NC,Randolph,51598
37153,NC,Richmond,38926
37155,NC,Robeson,36736
37157,NC,Rockingham,46993
37159,NC,Rowan,53600
37161,NC,Rutherford,45500
37163,NC,Sampson,45127
37165,NC,Scotland,39866
37167,NC,Stanly,56462
37169,NC,Stokes,52637
37171,NC,Surry,50881
37173,NC,Swain,48608
37175,NC,Transylvania,57830
37177,NC,Tyrrell,40938
37179,NC,Union,88465
37181,NC,Vance,45243
37183,NC,Wake,88471
37185,NC,Warren,39588
37187,NC,Washington,32937
37189,NC,Watauga,48786
37191,NC,Wayne,49488
37193,NC,Wilkes,46079
37195,NC,Wilson,47348
37197,NC,Yadkin,51348
37199,NC,Yancey,45324
38000,ND,North Dakota,68131
38001,ND,Adams,52896
38003,ND,Barnes,64016
38005,ND,Benson,54375
38007,ND,Billings,71375
38009,ND,Bottineau,68095
38011,ND,Bowman,76447
38013,ND,Burke,97802
38015,ND,Burleigh,76043
38017,ND,Cass,68718
38019,ND,Cavalier,60284
38021,ND,Dickey,58267
38023,ND,Divide,83438
38025,ND,Dunn,84459
38027,ND,Eddy,44958
38029,ND,Emmons,56713
38031,ND,Foster,71250
38033,ND,Golden Valley,83295
38035,ND,Grand Forks,57213
38037,ND,Grant,57200
38039,ND,Griggs,64196
38041,ND,Hettinger,62865
38043,ND,Kidder,52419
38045,ND,LaMoure,63594
38047,ND,Logan,53929
38049,ND,McHenry,71612
38051,ND,McIntosh,58056
38053,ND,McKenzie,78442
38055,ND,McLean,72324
38057,ND,Mercer,78547
38059,ND,Morton,75177
38061,ND,Mountrail,76520
38063,ND,Nelson,56724
38065,ND,Oliver,64148
38067,ND,Pembina,61795
38069,ND,Pierce,59803
38071,ND,Ramsey,55534
38073,ND,Ransom,67480
38075,ND,Renville,71218
38077,ND,Richland,62481
38079,ND,Rolette,49434
38081,ND,Sargent,67467
38083,ND,Sheridan,61125
38085,ND,Sioux,39755
38087,ND,Slope,67614
38089,ND,Stark,70364
38091,ND,Steele,81354
38093,ND,Stutsman,54652
38095,ND,Towner,51912
38097,ND,Traill,73113
38099,ND,Walsh,59368
38101,ND,Ward,72227
38103,ND,Wells,58932
38105,ND,Williams,80142
39000,OH,Ohio,61938
39001,OH,Adams,44467
39003,OH,Allen,55114
39005,OH,Ashland,58168
39007,OH,Ashtabula,49680
39009,OH,Athens,47061
39011,OH,Auglaize,69315
39013,OH,Belmont,54191
39015,OH,Brown,59766
39017,OH,Butler,72281
39019,OH,Carroll,55954
39021,OH,Champaign,62865
39023,OH,Clark,54869
39025,OH,Clermont,73013
39027,OH,Clinton,57409
39029,OH,Columbiana,51664
39031,OH,Coshocton,49297
39033,OH,Crawford,48449
39035,OH,Cuyahoga,55109
39037,OH,Darke,57440
39039,OH,Defiance,65779
39041,OH,Delaware,116284
39043,OH,Erie,60149
39045,OH,Fairfield,77241
39047,OH,Fayette,52964
39049,OH,Franklin,65999
39051,OH,Fulton,65418
39053,OH,Gallia,50773
39055,OH,Geauga,90285
39057,OH,Greene,75901
39059,OH,Guernsey,48434
39061,OH,Hamilton,63080
39063,OH,Hancock,60828
39065,OH,Hardin,52112
39067,OH,Harrison,51993
39069,OH,Henry,64513
39071,OH,Highland,52376
39073,OH,Hocking,56755
39075,OH,Holmes,69454
39077,OH,Huron,59049
39079,OH,Jackson,50983
39081,OH,Jefferson,49211
39083,OH,Knox,64439
39085,OH,Lake,70168
39087,OH,Lawrence,48947
39089,OH,Licking,72771
39091,OH,Logan,64196
39093,OH,Lorain,62390
39095,OH,Lucas,53176
39097,OH,Madison,72811
39099,OH,Mahoning,50750
39101,OH,Marion,51144
39103,OH,Medina,82894
39105,OH,Meigs,44113
39107,OH,Mercer,68692
39109,OH,Miami,66284
39111,OH,Monroe,50503
39113,OH,Montgomery,56543
39115,OH,Morgan,44848
39117,OH,Morrow,63411
39119,OH,Muskingum,52224
39121,OH,Noble,46144
39123,OH,Ottawa,64463
39125,OH,Paulding,59987
39127,OH,Perry,58616
39129,OH,Pickaway,63629
39131,OH,Pike,44961
39133,OH,Portage,64163
39135,OH,Preble,60527
39137,OH,Putnam,73122
39139,OH,Richland,52605
39141,OH,Ross,54004
39143,OH,Sandusky,56414
39145,OH,Scioto,43266
39147,OH,Seneca,56043
39149,OH,Shelby,66536
39151,OH,Stark,58170
39153,OH,Summit,63111
39155,OH,Trumbull,50258
39157,OH,Tuscarawas,57545
39159,OH,Union,96634
39161,OH,Van Wert,59210
39163,OH,Vinton,46653
39165,OH,Warren,95709
39167,OH,Washington,54167
39169,OH,Wayne,64594
39171,OH,Williams,55030
39173,OH,Wood,66337
39175,OH,Wyandot,61626
40000,OK,Oklahoma,56956
40001,OK,Adair,37940
40003,OK,Alfalfa,66552
40005,OK,Atoka,45148
40007,OK,Beaver,60152
40009,OK,Beckham,50365
40011,OK,Blaine,52538
40013,OK,Bryan,49225
40015,OK,Caddo,47566
40017,OK,Canadian,76973
40019,OK,Carter,52906
40021,OK,Cherokee,47421
40023,OK,Choctaw,38854
40025,OK,Cimarron,50350
40027,OK,Cleveland,67068
40029,OK,Coal,43697
40031,OK,Comanche,54483
40033,OK,Cotton,54787
40035,OK,Craig,45094
40037,OK,Creek,56384
40039,OK,Custer,55074
40041,OK,Delaware,46588
40043,OK,Dewey,53672
40045,OK,Ellis,52250
40047,OK,Garfield,60732
40049,OK,Garvin,50441
40051,OK,Grady,68925
40053,OK,Grant,54150
40055,OK,Greer,49203
40057,OK,Harmon,55369
40059,OK,Harper,51481
40061,OK,Haskell,43622
40063,OK,Hughes,42425
40065,OK,Jackson,55551
40067,OK,Jefferson,43438
40069,OK,Johnston,46754
40071,OK,Kay,50391
40073,OK,Kingfisher,61657
40075,OK,Kiowa,36985
40077,OK,Latimer,39939
40079,OK,Le Flore,43049
40081,OK,Lincoln,54578
40083,OK,Logan,74744
40085,OK,Love,55568
40087,OK,McClain,73914
40089,OK,McCurtain,43435
40091,OK,McIntosh,40792
40093,OK,Major,60025
40095,OK,Marshall,51345
40097,OK,Mayes,52956
40099,OK,Murray,54160
40101,OK,Muskogee,44166
40103,OK,Noble,62910
40105,OK,Nowata,46786
40107,OK,Okfuskee,43000
40109,OK,Oklahoma,58239
40111,OK,Okmulgee,48689
40113,OK,Osage,54036
40115,OK,Ottawa,42311
40117,OK,Pawnee,53084
40119,OK,Payne,43686
40121,OK,Pittsburg,49669
40123,OK,Pontotoc,55862
40125,OK,Pottawatomie,54896
40127,OK,Pushmataha,40721
40129,OK,Roger Mills,58385
40131,OK,Rogers,69322
40133,OK,Seminole,40190
40135,OK,Sequoyah,43496
40137,OK,Stephens,53470
40139,OK,Texas,50781
40141,OK,Tillman,41138
40143,OK,Tulsa,60382
40145,OK,Wagoner,68906
40147,OK,Washington,55216
40149,OK,Washita,55750
40151,OK,Woods,55933
40153,OK,Woodward,55700
41000,OR,Oregon,70084
41001,OR,Baker,46922
41003,OR,Benton,68732
41005,OR,Clackamas,88517
41007,OR,Clatsop,61846
41009,OR,Columbia,73909
41011,OR,Coos,52548
41013,OR,Crook,64820
41015,OR,Curry,57553
41017,OR,Deschutes,74082
41019,OR,Douglas,52479
41021,OR,Gilliam,51705
41023,OR,Grant,51100
41025,OR,Harney,42095
41027,OR,Hood River,77815
41029,OR,Jackson,61020
41031,OR,Jefferson,59748
41033,OR,Josephine,51733
41035,OR,Klamath,50790
41037,OR,Lake,50685
41039,OR,Lane,59016
41041,OR,Lincoln,54961
41043,OR,Linn,63313
41045,OR,Malheur,47906
41047,OR,Marion,64880
41049,OR,Morrow,61659
41051,OR,Multnomah,76290
41053,OR,Polk,70238
41055,OR,Sherman,53606
41057,OR,Tillamook,55730
41059,OR,Umatilla,63123
41061,OR,Union,55227
41063,OR,Wallowa,57891
41065,OR,Wasco,57853
41067,OR,Washington,92025
41069,OR,Wheeler,46648
41071,OR,Yamhill,73409
42000,PA,Pennsylvania,67587
42001,PA,Adams,72492
42003,PA,Allegheny,66659
42005,PA,Armstrong,56838
42007,PA,Beaver,62152
42009,PA,Bedford,54596
42011,PA,Berks,69272
42013,PA,Blair,54368
42015,PA,Bradford,54383
42017,PA,Bucks,99302
42019,PA,Butler,77065
42021,PA,Cambria,51018
42023,PA,Cameron,43615
42025,PA,Carbon,59289
42027,PA,Centre,64995
42029,PA,Chester,109969
42031,PA,Clarion,53096
42033,PA,Clearfield,52826
42035,PA,Clinton,53792
42037,PA,Columbia,55572
42039,PA,Crawford,55042
42041,PA,Cumberland,77001
42043,PA,Dauphin,66480
42045,PA,Delaware,80398
42047,PA,Elk,57551
42049,PA,Erie,55949
42051,PA,Fayette,51321
42053,PA,Forest,43958
42055,PA,Franklin,66329
42057,PA,Fulton,58343
42059,PA,Greene,57497
42061,PA,Huntingdon,57055
42063,PA,Indiana,52546
42065,PA,Jefferson,52815
42067,PA,Juniata,56382
42069,PA,Lackawanna,58366
42071,PA,Lancaster,73688
42073,PA,Lawrence,53106
42075,PA,Lebanon,66164
42077,PA,Lehigh,69440
42079,PA,Luzerne,56534
42081,PA,Lycoming,58177
42083,PA,McKean,52350
42085,PA,Mercer,52810
42087,PA,Mifflin,54738
42089,PA,Monroe,72679
42091,PA,Montgomery,99361
42093,PA,Montour,64858
42095,PA,Northampton,77103
42097,PA,Northumberland,51005
42099,PA,Perry,72922
42101,PA,Philadelphia,52649
42103,PA,Pike,71360
42105,PA,Potter,50944
42107,PA,Schuylkill,57785
42109,PA,Snyder,62951
42111,PA,Somerset,54332
42113,PA,Sullivan,54074
42115,PA,Susquehanna,59391
42117,PA,Tioga,54671
42119,PA,Union,61807
42121,PA,Venango,55899
42123,PA,Warren,55796
42125,PA,Washington,68787
42127,PA,Wayne,56744
42129,PA,Westmoreland,64708
42131,PA,Wyoming,62795
42133,PA,York,72543
44000,RI,Rhode Island,74489
44001,RI,Bristol,95102
44003,RI,Kent,79880
44005,RI,Newport,90435
44007,RI,Providence,65797
44009,RI,Washington,92001
45000,SC,South Carolina,58234
45001,SC,Abbeville,45710
45003,SC,Aiken,57572
45005,SC,Allendale,31800
45007,SC,Anderson,56796
45009,SC,Bamberg,44408
45011,SC,Barnwell,38237
45013,SC,Beaufort,74199
45015,SC,Berkeley,70786
45017,SC,Calhoun,52491
45019,SC,Charleston,70807
45021,SC,Cherokee,41330
45023,SC,Chester,46441
45025,SC,Chesterfield,45046
45027,SC,Clarendon,45542
45029,SC,Colleton,41419
45031,SC,Darlington,40704
45033,SC,Dillon,39780
45035,SC,Dorchester,68046
45037,SC,Edgefield,55183
45039,SC,Fairfield,41755
45041,SC,Florence,51902
45043,SC,Georgetown,55719
45045,SC,Greenville,65513
45047,SC,Greenwood,44513
45049,SC,Hampton,38298
45051,SC,Horry,54688
45053,SC,Jasper,47811
45055,SC,Kershaw,56449
45057,SC,Lancaster,67407
45059,SC,Laurens,46754
45061,SC,Lee,36195
45063,SC,Lexington,65623
45065,SC,McCormick,53193
45067,SC,Marion,34465
45069,SC,Marlboro,32136
45071,SC,Newberry,50950
45073,SC,Oconee,52842
45075,SC,Orangeburg,38052
45077,SC,Pickens,53188
45079,SC,Richland,56137
45081,SC,Saluda,46451
45083,SC,Spartanburg,57627
45085,SC,Sumter,49040
45087,SC,Union,40048
45089,SC,Williamsburg,40124
45091,SC,York,72234
46000,SD,South Dakota,63920
46003,SD,Aurora,64960
46005,SD,Beadle,56692
46007,SD,Bennett,40664
46009,SD,Bon Homme,53575
46011,SD,Brookings,59178
46013,SD,Brown,63805
46015,SD,Brule,60857
46017,SD,Buffalo,38523
46019,SD,Butte,48941
46021,SD,Campbell,58026
46023,SD,Charles Mix,52981
46025,SD,Clark,54473
46027,SD,Clay,56077
46029,SD,Codington,61496
46031,SD,Corson,38281
46033,SD,Custer,68736
46035,SD,Davison,50900
46037,SD,Day,52775
46039,SD,Deuel,70808
46041,SD,Dewey,46087
46043,SD,Douglas,66750
46045,SD,Edmunds,69732
46047,SD,Fall River,51007
46049,SD,Faulk,53056
46051,SD,Grant,70483
46053,SD,Gregory,44654
46055,SD,Haakon,51016
46057,SD,Hamlin,71923
46059,SD,Hand,61121
46061,SD,Hanson,75132
46063,SD,Harding,64250
46065,SD,Hughes,77725
46067,SD,Hutchinson,62448
46069,SD,Hyde,66328
46071,SD,Jackson,25357
46073,SD,Jerauld,58375
46075,SD,Jones,52321
46077,SD,Kingsbury,62634
46079,SD,Lake,67297
46081,SD,Lawrence,56166
46083,SD,Lincoln,87560
46085,SD,Lyman,55977
46087,SD,McCook,72063
46089,SD,McPherson,54324
46091,SD,Marshall,69236
46093,SD,Meade,68242
46095,SD,Mellette,35726
46097,SD,Miner,56351
46099,SD,Minnehaha,66502
46101,SD,Moody,66000
46102,SD,Oglala Lakota,33192
46103,SD,Pennington,62546
46105,SD,Perkins,59432
46107,SD,Potter,59408
46109,SD,Roberts,53618
46111,SD,Sanborn,58409
46115,SD,Spink,63802
46117,SD,Stanley,76402
46119,SD,Sully,59688
46121,SD,Todd,26250
46123,SD,Tripp,52274
46125,SD,Turner,66199
46127,SD,Union,80238
46129,SD,Walworth,51746
46135,SD,Yankton,67052
46137,SD,Ziebach,38750
47000,TN,Tennessee,58516
47001,TN,Anderson,55414
47003,TN,Bedford,55354
47005,TN,Benton,40258
47007,TN,Bledsoe,51884
47009,TN,Blount,64593
47011,TN,Bradley,55426
47013,TN,Campbell,46110
47015,TN,Cannon,54223
47017,TN,Carroll,44794
47019,TN,Carter,44280
47021,TN,Cheatham,69132
47023,TN,Chester,52692
47025,TN,Claiborne,41938
47027,TN,Clay,38709
47029,TN,Cocke,41558
47031,TN,Coffee,52626
47033,TN,Crockett,52136
47035,TN,Cumberland,52630
47037,TN,Davidson,66047
47039,TN,Decatur,43817
47041,TN,DeKalb,45728
47043,TN,Dickson,61388
47045,TN,Dyer,50245
47047,TN,Fayette,69729
47049,TN,Fentress,43464
47051,TN,Franklin,52189
47053,TN,Gibson,49615
47055,TN,Giles,54061
47057,TN,Grainger,44917
47059,TN,Greene,47361
47061,TN,Grundy,45150
47063,TN,Hamblen,45275
47065,TN,Hamilton,61050
47067,TN,Hancock,29650
47069,TN,Hardeman,41138
47071,TN,Hardin,45092
47073,TN,Hawkins,49101
47075,TN,Haywood,39952
47077,TN,Henderson,47885
47079,TN,Henry,43444
47081,TN,Hickman,48527
47083,TN,Houston,46535
47085,TN,Humphreys,49745
47087,TN,Jackson,41890
47089,TN,Jefferson,54371
47091,TN,Johnson,42552
47093,TN,Knox,62911
47095,TN,Lake,34923
47097,TN,Lauderdale,43025
47099,TN,Lawrence,45721
47101,TN,Lewis,38664
47103,TN,Lincoln,57455
47105,TN,Loudon,66151
47107,TN,McMinn,51253
47109,TN,McNairy,42691
47111,TN,Macon,43605
47113,TN,Madison,51526
47115,TN,Marion,53148
47117,TN,Marshall,60036
47119,TN,Maury,66353
47121,TN,Meigs,54420
47123,TN,Monroe,48488
47125,TN,Montgomery,63768
47127,TN,Moore,64926
47129,TN,Morgan,45133
47131,TN,Obion,45606
47133,TN,Overton,39737
47135,TN,Perry,51786
47137,TN,Pickett,42931
47139,TN,Polk,49446
47141,TN,Putnam,49228
47143,TN,Rhea,48872
47145,TN,Roane,60044
47147,TN,Robertson,67597
47149,TN,Rutherford,72985
47151,TN,Scott,38409
47153,TN,Sequatchie,47835
47155,TN,Sevier,54363
47157,TN,Shelby,55015
47159,TN,Smith,52018
47161,TN,Stewart,51460
47163,TN,Sullivan,49661
47165,TN,Sumner,73517
47167,TN,Tipton,63783
47169,TN,Trousdale,58274
47171,TN,Unicoi,47610
47173,TN,Union,50868
47175,TN,Van Buren,44444
47177,TN,Warren,46189
47179,TN,Washington,52503
47181,TN,Wayne,45402
47183,TN,Weakley,43773
47185,TN,White,44777
47187,TN,Williamson,116492
47189,TN,Wilson,82224
48000,TX,Texas,67321
48001,TX,Anderson,49736
48003,TX,Andrews,80518
48005,TX,Angelina,52377
48007,TX,Aransas,51509
48009,TX,Archer,67083
48011,TX,Armstrong,71136
48013,TX,Atascosa,63391
48015,TX,Austin,68400
48017,TX,Bailey,64044
48019,TX,Bandera,64495
48021,TX,Bastrop,78339
48023,TX,Baylor,43705
48025,TX,Bee,48822
48027,TX,Bell,57932
48029,TX,Bexar,62169
48031,TX,Blanco,71201
48033,TX,Borden,68500
48035,TX,Bosque,59328
48037,TX,Bowie,54949
48039,TX,Brazoria,87958
48041,TX,Brazos,52658
48043,TX,Brewster,48679
48045,TX,Briscoe,38469
48047,TX,Brooks,26827
48049,TX,Brown,49232
48051,TX,Burleson,64109
48053,TX,Burnet,65363
48055,TX,Caldwell,63380
48057,TX,Calhoun,61887
48059,TX,Callahan,55820
48061,TX,Cameron,43057
48063,TX,Camp,50947
48065,TX,Carson,76786
48067,TX,Cass,49626
48069,TX,Castro,53551
48071,TX,Chambers,93707
48073,TX,Cherokee,54222
48075,TX,Childress,53092
48077,TX,Clay,69967
48079,TX,Cochran,38203
48081,TX,Coke,42639
48083,TX,Coleman,47216
48085,TX,Collin,104327
48087,TX,Collingsworth,42446
48089,TX,Colorado,55945
48091,TX,Comal,85912
48093,TX,Comanche,55743
48095,TX,Concho,46719
48097,TX,Cooke,63338
48099,TX,Coryell,58414
48101,TX,Cottle,43654
48103,TX,Crane,67804
48105,TX,Crockett,52731
48107,TX,Crosby,44304
48109,TX,Culberson,34239
48111,TX,Dallam,61069
48113,TX,Dallas,65011
48115,TX,Dawson,42778
48117,TX,Deaf Smith,49611
48119,TX,Delta,58705
48121,TX,Denton,96265
48123,TX,DeWitt,57873
48125,TX,Dickens,42241
48127,TX,Dimmit,25000
48129,TX,Donley,52888
48131,TX,Duval,43836
48133,TX,Eastland,43953
48135,TX,Ector,64975
48137,TX,Edwards,40000
48139,TX,Ellis,85272
48141,TX,El Paso,50919
48143,TX,Erath,56691
48145,TX,Falls,35317
48147,TX,Fannin,59686
48149,TX,Fayette,66624
48151,TX,Fisher,55862
48153,TX,Floyd,54007
48155,TX,Foard,37679
48157,TX,Fort Bend,102590
48159,TX,Franklin,61391
48161,TX,Freestone,55910
48163,TX,Frio,58456
48165,TX,Gaines,67728
48167,TX,Galveston,79328
48169,TX,Garza,64871
48171,TX,Gillespie,64438
48173,TX,Glasscock,85417
48175,TX,Goliad,52335
48177,TX,Gonzales,55698
48179,TX,Gray,50635
48181,TX,Grayson,62078
48183,TX,Gregg,56566
48185,TX,Grimes,59086
48187,TX,Guadalupe,80047
48189,TX,Hale,48649
48191,TX,Hall,41467
48193,TX,Hamilton,44030
48195,TX,Hansford,47500
48197,TX,Hardeman,56400
48199,TX,Hardin,65347
48201,TX,Harris,65788
48203,TX,Harrison,57996
48205,TX,Hartley,61196
48207,TX,Haskell,48432
48209,TX,Hays,71061
48211,TX,Hemphill,54867
48213,TX,Henderson,51963
48215,TX,Hidalgo,44666
48217,TX,Hill,57800
48219,TX,Hockley,49241
48221,TX,Hood,75851
48223,TX,Hopkins,57745
48225,TX,Houston,43644
48227,TX,Howard,60260
48229,TX,Hudspeth,32404
48231,TX,Hunt,61053
48233,TX,Hutchinson,57288
48235,TX,Irion,39770
48237,TX,Jack,56916
48239,TX,Jackson,60807
48241,TX,Jasper,44356
48243,TX,Jeff Davis,38659
48245,TX,Jefferson,53613
48247,TX,Jim Hogg,37342
48249,TX,Jim Wells,47629
48251,TX,Johnson,70767
48253,TX,Jones,55575
48255,TX,Karnes,49526
48257,TX,Kaufman,75187
48259,TX,Kendall,100706
48261,TX,Kenedy,42778
48263,TX,Kent,63994
48265,TX,Kerr,62204
48267,TX,Kimble,55677
48269,TX,King,42125
48271,TX,Kinney,58925
48273,TX,Kleberg,49986
48275,TX,Knox,50163
48277,TX,Lamar,51561
48279,TX,Lamb,50041
48281,TX,Lampasas,66506
48283,TX,La Salle,61042
48285,TX,Lavaca,57602
48287,TX,Lee,60750
48289,TX,Leon,48676
48291,TX,Liberty,53871
48293,TX,Limestone,49507
48295,TX,Lipscomb,66250
48297,TX,Live Oak,52870
48299,TX,Llano,62839
48303,TX,Lubbock,56529
48305,TX,Lynn,49747
48307,TX,McCulloch,46552
48309,TX,McLennan,53723
48311,TX,McMullen,63056
48313,TX,Madison,59923
48315,TX,Marion,43153
48317,TX,Martin,69194
48319,TX,Mason,73186
48321,TX,Matagorda,48566
48323,TX,Maverick,44502
48325,TX,Medina,67180
48327,TX,Menard,40341
48329,TX,Midland,88210
48331,TX,Milam,52810
48333,TX,Mills,53483
48335,TX,Mitchell,50144
48337,TX,Montague,59127
48339,TX,Montgomery,88597
48341,TX,Moore,55543
48343,TX,Morris,46468
48345,TX,Motley,59286
48347,TX,Nacogdoches,47306
48349,TX,Navarro,50466
48351,TX,Newton,38116
48353,TX,Nolan,44700
48355,TX,Nueces,59477
48357,TX,Ochiltree,57413
48359,TX,Oldham,68077
48361,TX,Orange,68756
48363,TX,Palo Pinto,59796
48365,TX,Panola,54853
48367,TX,Parker,88535
48369,TX,Parmer,62885
48371,TX,Pecos,55652
48373,TX,Polk,52826
48375,TX,Potter,45096
48377,TX,Presidio,26395
48379,TX,Rains,55758
48381,TX,Randall,70544
48383,TX,Reagan,62829
48385,TX,Real,44083
48387,TX,Red River,40674
48389,TX,Reeves,53548
48391,TX,Refugio,50745
48393,TX,Roberts,62717
48395,TX,Robertson,55709
48397,TX,Rockwall,111595
48399,TX,Runnels,52103
48401,TX,Rusk,60330
48403,TX,Sabine,41308
48405,TX,San Augustine,43130
48407,TX,San Jacinto,46678
48409,TX,San Patricio,59532
48411,TX,San Saba,46927
48413,TX,Schleicher,61094
48415,TX,Scurry,53376
48417,TX,Shackelford,54896
48419,TX,Shelby,44504
48421,TX,Sherman,55667
48423,TX,Smith,62518
48425,TX,Somervell,89253
48427,TX,Starr,33334
48429,TX,Stephens,46537
48431,TX,Sterling,55481
48433,TX,Stonewall,62273
48435,TX,Sutton,61538
48437,TX,Swisher,39685
48439,TX,Tarrant,73545
48441,TX,Taylor,57811
48443,TX,Terrell,47012
48445,TX,Terry,47734
48447,TX,Throckmorton,47500
48449,TX,Titus,53818
48451,TX,Tom Green,62052
48453,TX,Travis,85043
48455,TX,Trinity,45392
48457,TX,Tyler,49130
48459,TX,Upshur,55046
48461,TX,Upton,58333
48463,TX,Uvalde,51602
48465,TX,Val Verde,51949
48467,TX,Van Zandt,61121
48469,TX,Victoria,60598
48471,TX,Walker,44104
48473,TX,Waller,65379
48475,TX,Ward,66216
48477,TX,Washington,65913
48479,TX,Webb,54618
48481,TX,Wharton,53963
48483,TX,Wheeler,52138
48485,TX,Wichita,53272
48487,TX,Wilbarger,45262
48489,TX,Willacy,39401
48491,TX,Williamson,94705
48493,TX,Wilson,84042
48495,TX,Winkler,67904
48497,TX,Wise,75482
48499,TX,Wood,58418
48501,TX,Yoakum,73102
48503,TX,Young,52074
48505,TX,Zapata,34406
48507,TX,Zavala,44573
49000,UT,Utah,79133
49001,UT,Beaver,74569
49003,UT,Box Elder,67486
49005,UT,Cache,65670
49007,UT,Carbon,51725
49009,UT,Daggett,49792
49011,UT,Davis,92765
49013,UT,Duchesne,66463
49015,UT,Emery,61234
49017,UT,Garfield,45724
49019,UT,Grand,51433
49021,UT,Iron,56308
49023,UT,Juab,74741
49025,UT,Kane,56395
49027,UT,Millard,66304
49029,UT,Morgan,112721
49031,UT,Piute,33611
49033,UT,Rich,67396
49035,UT,Salt Lake,82206
49037,UT,San Juan,52400
49039,UT,Sanpete,60186
49041,UT,Sevier,60262
49043,UT,Summit,116351
49045,UT,Tooele,87557
49047,UT,Uintah,61293
49049,UT,Utah,82893
49051,UT,Wasatch,94044
49053,UT,Washington,65040
49055,UT,Wayne,55605
49057,UT,Weber,74345
50000,VT,Vermont,67674
50001,VT,Addison,77978
50003,VT,Bennington,63448
50005,VT,Caledonia,55159
50007,VT,Chittenden,81957
50009,VT,Essex,48194
50011,VT,Franklin,68476
50013,VT,Grand Isle,85154
50015,VT,Lamoille,66016
50017,VT,Orange,67906
50019,VT,Orleans,58037
50021,VT,Rutland,59751
50023,VT,Washington,70128
50025,VT,Windham,59195
50027,VT,Windsor,63787
51000,VA,Virginia,80615
51001,VA,Accomack,50601
51003,VA,Albemarle,90568
51005,VA,Alleghany,49705
51007,VA,Amelia,57420
51009,VA,Amherst,60876
51011,VA,Appomattox,55268
51013,VA,Arlington,128145
51015,VA,Augusta,69082
51017,VA,Bath,55807
51019,VA,Bedford,70870
51021,VA,Bland,54556
51023,VA,Botetourt,72941
51025,VA,Brunswick,49597
51027,VA,Buchanan,37093
51029,VA,Buckingham,49841
51031,VA,Campbell,53918
51033,VA,Caroline,76528
51035,VA,Carroll,45220
51036,VA,Charles City,59543
51037,VA,Charlotte,45567
51041,VA,Chesterfield,88315
51043,VA,Clarke,86633
51045,VA,Craig,60283
51047,VA,Culpeper,85274
51049,VA,Cumberland,57568
51051,VA,Dickenson,33905
51053,VA,Dinwiddie,68918
51057,VA,Essex,54375
51059,VA,Fairfax,133974
51061,VA,Fauquier,111368
51063,VA,Floyd,51612
51065,VA,Fluvanna,82983
51067,VA,Franklin,59667
51069,VA,Frederick,84317
51071,VA,Giles,57911
51073,VA,Gloucester,77733
51075,VA,Goochland,100517
51077,VA,Grayson,43022
51079,VA,Greene,73844
51081,VA,Greensville,53063
51083,VA,Halifax,45962
51085,VA,Hanover,96911
51087,VA,Henrico,76345
51089,VA,Henry,41103
51091,VA,Highland,52901
51093,VA,Isle of Wight,84673
51095,VA,James City,94907
51097,VA,King and Queen,61672
51099,VA,King George,101599
51101,VA,King William,74592
51103,VA,Lancaster,64460
51105,VA,Lee,37574
51107,VA,Loudoun,156821
51109,VA,Louisa,70974
51111,VA,Lunenburg,47269
51113,VA,Madison,72349
51115,VA,Mathews,73229
51117,VA,Mecklenburg,46378
51119,VA,Middlesex,63782
51121,VA,Montgomery,60666
51125,VA,Nelson,67707
51127,VA,New Kent,101628
51131,VA,Northampton,50347
51133,VA,Northumberland,61291
51135,VA,Nottoway,54614
51137,VA,Orange,79211
51139,VA,Page,53168
51141,VA,Patrick,47215
51143,VA,Pittsylvania,49486
51145,VA,Powhatan,101395
51147,VA,Prince Edward,49019
51149,VA,Prince George,78895
51153,VA,Prince William,113831
51155,VA,Pulaski,55446
51157,VA,Rappahannock,90307
51159,VA,Richmond,57697
51161,VA,Roanoke,74622
51163,VA,Rockbridge,57828
51165,VA,Rockingham,67484
51167,VA,Russell,41100
51169,VA,Scott,42561
51171,VA,Shenandoah,58609
51173,VA,Smyth,42588
51175,VA,Southampton,65079
51177,VA,Spotsylvania,98973
51179,VA,Stafford,119818
51181,VA,Surry,61105
51183,VA,Sussex,56968
51185,VA,Tazewell,42937
51187,VA,Warren,72840
51191,VA,Washington,54737
51193,VA,Westmoreland,53113
51195,VA,Wise,44884
51197,VA,Wythe,52726
51199,VA,York,96144
51510,VA,Alexandria,105450
51520,VA,Bristol,43879
51530,VA,Buena Vista,42156
51540,VA,Charlottesville,63470
51550,VA,Chesapeake,85563
51570,VA,Colonial Heights,65570
51580,VA,Covington,41242
51590,VA,Danville,38904
51595,VA,Emporia,36111
51600,VA,Fairfax,118492
51610,VA,Falls Church,155071
51620,VA,Franklin,49424
51630,VA,Fredericksburg,72293
51640,VA,Galax,39808
51650,VA,Hampton,59380
51660,VA,Harrisonburg,51055
51670,VA,Hopewell,44209
51678,VA,Lexington,66114
51680,VA,Lynchburg,54015
51683,VA,Manassas,101934
51685,VA,Manassas Park,90544
51690,VA,Martinsville,36832
51700,VA,Newport News,57463
51710,VA,Norfolk,56244
51720,VA,Norton,35592
51730,VA,Petersburg,44890
51735,VA,Poquoson,112026
51740,VA,Portsmouth,54020
51750,VA,Radford,44360
51760,VA,Richmond,54795
51770,VA,Roanoke,48476
51775,VA,Salem,66472
51790,VA,Staunton,53041
51800,VA,Suffolk,81883
51810,VA,Virginia Beach,81810
51820,VA,Waynesboro,47238
51830,VA,Williamsburg,65297
51840,VA,Winchester,61321
53000,WA,Washington,82400
53001,WA,Adams,54573
53003,WA,Asotin,57263
53005,WA,Benton,76612
53007,WA,Chelan,64895
53009,WA,Clallam,60044
53011,WA,Clark,82719
53013,WA,Columbia,64688
53015,WA,Cowlitz,64506
53017,WA,Douglas,68979
53019,WA,Ferry,45907
53021,WA,Franklin,72452
53023,WA,Garfield,50625
53025,WA,Grant,63566
53027,WA,Grays Harbor,53615
53029,WA,Island,75628
53031,WA,Jefferson,59968
53033,WA,King,106326
53035,WA,Kitsap,84600
53037,WA,Kittitas,64134
53039,WA,Klickitat,59583
53041,WA,Lewis,60581
53043,WA,Lincoln,62810
53045,WA,Mason,66325
53047,WA,Okanogan,51992
53049,WA,Pacific,54598
53051,WA,Pend Oreille,59134
53053,WA,Pierce,82574
53055,WA,San Juan,68577
53057,WA,Skagit,75308
53059,WA,Skamania,75565
53061,WA,Snohomish,95618
53063,WA,Spokane,64079
53065,WA,Stevens,57206
53067,WA,Thurston,81501
53069,WA,Wahkiakum,54422
53071,WA,Walla Walla,63686
53073,WA,Whatcom,70011
53075,WA,Whitman,43613
53077,WA,Yakima,58380
54000,WV,West Virginia,50884
54001,WV,Barbour,42260
54003,WV,Berkeley,68101
54005,WV,Boone,50598
54007,WV,Braxton,42519
54009,WV,Brooke,51210
54011,WV,Cabell,43779
54013,WV,Calhoun,37428
54015,WV,Clay,37197
54017,WV,Doddridge,58750
54019,WV,Fayette,45988
54021,WV,Gilmer,45870
54023,WV,Grant,47224
54025,WV,Greenbrier,41694
54027,WV,Hampshire,50890
54029,WV,Hancock,52062
54031,WV,Hardy,46592
54033,WV,Harrison,54124
54035,WV,Jackson,53165
54037,WV,Jefferson,86711
54039,WV,Kanawha,50574
54041,WV,Lewis,45345
54043,WV,Lincoln,46683
54045,WV,Logan,38493
54047,WV,McDowell,30127
54049,WV,Marion,55094
54051,WV,Marshall,52371
54053,WV,Mason,49957
54055,WV,Mercer,43293
54057,WV,Mineral,57345
54059,WV,Mingo,35349
54061,WV,Monongalia,56466
54063,WV,Monroe,47417
54065,WV,Morgan,56616
54067,WV,Nicholas,42946
54069,WV,Ohio,51516
54071,WV,Pendleton,46506
54073,WV,Pleasants,58433
54075,WV,Pocahontas,37225
54077,WV,Preston,55755
54079,WV,Putnam,68740
54081,WV,Raleigh,43150
54083,WV,Randolph,47343
54085,WV,Ritchie,45184
54087,WV,Roane,38608
54089,WV,Summers,41077
54091,WV,Taylor,52823
54093,WV,Tucker,49808
54095,WV,Tyler,50601
54097,WV,Upshur,44470
54099,WV,Wayne,45591
54101,WV,Webster,37720
54103,WV,Wetzel,47611
54105,WV,Wirt,49441
54107,WV,Wood,50231
54109,WV,Wyoming,44630
55000,WI,Wisconsin,67080
55001,WI,Adams,51878
55003,WI,Ashland,55070
55005,WI,Barron,55256
55007,WI,Bayfield,62859
55009,WI,Brown,68799
55011,WI,Buffalo,61167
55013,WI,Burnett,55890
55015,WI,Calumet,78453
55017,WI,Chippewa,63172
55019,WI,Clark,57547
55021,WI,Columbia,73786
55023,WI,Crawford,54526
55025,WI,Dane,78452
55027,WI,Dodge,66403
55029,WI,Door,63856
55031,WI,Douglas,59688
55033,WI,Dunn,64420
55035,WI,Eau Claire,64777
55037,WI,Florence,52143
55039,WI,Fond du Lac,66390
55041,WI,Forest,51959
55043,WI,Grant,58289
55045,WI,Green,70267
55047,WI,Green Lake,60597
55049,WI,Iowa,73716
55051,WI,Iron,48908
55053,WI,Jackson,59422
55055,WI,Jefferson,71735
55057,WI,Juneau,58561
55059,WI,Kenosha,70073
55061,WI,Kewaunee,72328
55063,WI,La Crosse,62817
55065,WI,Lafayette,65009
55067,WI,Langlade,53313
55069,WI,Lincoln,61363
55071,WI,Manitowoc,61454
55073,WI,Marathon,67940
55075,WI,Marinette,55694
55077,WI,Marquette,55386
55078,WI,Menominee,54940
55079,WI,Milwaukee,54793
55081,WI,Monroe,63061
55083,WI,Oconto,68426
55085,WI,Oneida,62660
55087,WI,Outagamie,72695
55089,WI,Ozaukee,86915
55091,WI,Pepin,63015
55093,WI,Pierce,78341
55095,WI,Polk,67878
55097,WI,Portage,65550
55099,WI,Price,52052
55101,WI,Racine,67224
55103,WI,Richland,56089
55105,WI,Rock,65518
55107,WI,Rusk,51978
55109,WI,St. Croix,91320
55111,WI,Sauk,67702
55113,WI,Sawyer,53011
55115,WI,Shawano,59767
55117,WI,Sheboygan,65352
55119,WI,Taylor,56350
55121,WI,Trempealeau,64336
55123,WI,Vernon,57933
55125,WI,Vilas,56837
55127,WI,Walworth,69382
55129,WI,Washburn,54550
55131,WI,Washington,85574
55133,WI,Waukesha,94310
55135,WI,Waupaca,65070
55137,WI,Waushara,57224
55139,WI,Winnebago,63938
55141,WI,Wood,57996
56000,WY,Wyoming,68002
56001,WY,Albany,50733
56003,WY,Big Horn,56059
56005,WY,Campbell,87547
56007,WY,Carbon,62654
56009,WY,Converse,73698
56011,WY,Crook,67835
56013,WY,Fremont,57887
56015,WY,Goshen,58318
56017,WY,Hot Springs,60805
56019,WY,Johnson,58020
56021,WY,Laramie,71550
56023,WY,Lincoln,74835
56025,WY,Natrona,64100
56027,WY,Niobrara,48688
56029,WY,Park,62586
56031,WY,Platte,59402
56033,WY,Sheridan,62531
56035,WY,Sublette,82342
56037,WY,Sweetwater,76668
56039,WY,Teton,94498
56041,WY,Uinta,75106
56043,WY,Washakie,62271
56045,WY,Weston,65566
72000,PR,Puerto Rico,21967
72001,PR,Adjuntas,15375
72003,PR,Aguada,18733
72005,PR,Aguadilla,16940
72007,PR,Aguas Buenas,21844
72009,PR,Aibonito,21139
72013,PR,Arecibo,19311
72015,PR,Arroyo,14933
72017,PR,Barceloneta,19051
72019,PR,Barranquitas,20290
72023,PR,Cabo Rojo,18581
72025,PR,Caguas,27062
72027,PR,Camuy,19745
72031,PR,Carolina,30678
72035,PR,Cayey,23823
72037,PR,Ceiba,20748
72039,PR,Ciales,18990
72041,PR,Cidra,23327
72043,PR,Coamo,19267
72047,PR,Corozal,19285
72049,PR,Culebra,25104
72051,PR,Dorado,29744
72053,PR,Fajardo,21701
72054,PR,Florida,21487
72057,PR,Guayama,17815
72059,PR,Guayanilla,19023
72061,PR,Guaynabo,39176
72063,PR,Gurabo,35470
72065,PR,Hatillo,20955
72067,PR,Hormigueros,20811
72069,PR,Humacao,22431
72071,PR,Isabela,17123
72073,PR,Jayuya,16780
72077,PR,Juncos,22283
72079,PR,Lajas,15593
72081,PR,Lares,17629
72085,PR,Las Piedras,24466
72089,PR,Luquillo,22216
72093,PR,Maricao,19223
72095,PR,Maunabo,21678
72099,PR,Moca,17685
72101,PR,Morovis,21598
72103,PR,Naguabo,18412
72105,PR,Naranjito,19156
72107,PR,Orocovis,15637
72109,PR,Patillas,17783
72113,PR,Ponce,17747
72115,PR,Quebradillas,18947
72121,PR,Sabana Grande,18857
72123,PR,Salinas,18563
72127,PR,San Juan,24347
72129,PR,San Lorenzo,19339
72133,PR,Santa Isabel,20784
72135,PR,Toa Alta,28098
72137,PR,Toa Baja,26587
72139,PR,Trujillo Alto,33948
72141,PR,Utuado,15812
72143,PR,Vega Alta,21828
72145,PR,Vega Baja,21507
72147,PR,Vieques,14942
72149,PR,Villalba,20722
72151,PR,Yabucoa,17267
72153,PR,Yauco,16444
